:100000000C94DE0E0C94270F0C94270F0C94270FE2
:100010000C94270F0C94270F0C94270F0C94270F88
:100020000C94270F0C94270F0C94F8480C94D0498B
:100030000C941E3A0C94270F0C94270F0C94270F46
:100040000C94270F0C94270F0C94270F0C94270F58
:100050000C946D210C94753A0C94270F0C94270F77
:100060000C94270F0C94270F0C94270F0C94270F38
:100070000C94270F0C94270F0C94270F0C94270F28
:100080000C94270F0C94270F0C94270F0C94270F18
:100090000C94270F0C94270F20202020005343524C
:1000A000200020202020004341502000202020203C
:1000B000004E554D2000556E646566696E6564009E
:1000C0004C6173740A00416C7465726E6174650AE8
:1000D0000046756E6374696F6E0A00426173650A4B
:1000E000004C617965723A20004D306C6C790A00E1
:1000F00035001E001F0020002100220023002400E4
:100100002500260027002D002E002A0000005300A5
:100110005400550056002B0014001A00080015006A
:1001200017001C0018000C00120013002F003000F4
:10013000310000005F006000610000003900040031
:100140001600070009000A000B000D000E000F004A
:10015000330034000000280000005C005D005E00F9
:100160005700E10000001D001B00060019000500FB
:1001700011001000360037003800E50000000000D4
:1001800059005A005B000000E000E300E2000000BC
:1001900000002C00000000000000E6000000E70066
:1001A0000151E400000062000000630058000100FB
:1001B0000100010001000100010001000100010037
:1001C0000100010001000100005C000001000100CD
:1001D0000100010001000100010001000100010017
:1001E0000100010001000100010001000100010007
:1001F00000000100010001000000010001000100F9
:1002000001000100010001000100010001000100E6
:1002100001000000010000000100010001000100D8
:1002200001000000C25CC35CC55CC65CC75CC85C06
:10023000C95CCA5CC05C0100010000000000010054
:1002400001000100000001000100010000000000A9
:100250000100000000000000010000000100015149
:100260000100000001000000010001000100010088
:100270000100010001000100010001000100010076
:10028000010001000100005C00000100010001000C
:100290000100010001000100010001000100010056
:1002A0000100010001000100010001000100000047
:1002B0000100010001000000010001000100010037
:1002C0000100010001000100010001000100010026
:1002D0000000010000000100010001000100010018
:1002E0000000C25CC35CC55CC65CC75CC85CC95C22
:1002F000CA5CC05C010001000000000001000100B8
:1003000001000000010001000100000000000100E8
:100310000000000000000100000001000151010088
:1003200000000100000001000100010001000100C7
:1003300001000100010001000100010001000100B5
:1003400001000100005C000001000100010001004B
:100350000100010001000100010001000100010095
:100360000100010001000100010001000000010086
:100370000100010000000100010001000100010076
:100380000100010001000100010001000100000066
:100390000100000001000100010001000100000057
:1003A000C25CC35CC55CC65CC75CC85CC95CCA5C3B
:1003B000C05C01000100000000000100010001001C
:1003C0000000010001000100000000000100000029
:1003D00000000000010000000100015101000000C8
:1003E000010000000100010044454255473A2064E5
:1003F000697361626C65642E0A0044454255473A50
:1004000020656E61626C65642E0A000000000000C9
:100410000000002A2B28000000000000000000005F
:1004200000000000000029000000002C1E342021E4
:100430002224342627252E362D3738271E1F20212B
:1004400022232425263333362E37381F040506078A
:1004500008090A0B0C0D0E0F1011121314151617A4
:1004600018191A1B1C1D2F3130232D3504050607C2
:1004700008090A0B0C0D0E0F101112131415161784
:1004800018191A1B1C1D2F3130354C0000000000BC
:100490000000000000000000000000000000007EDE
:1004A0000F00D4FFFFFFC7000000780A002530339B
:1004B000326C62003A200025303258000A722F63F5
:1004C00020303132333435363738394142434445B0
:1004D000463031323334353637383941424344457A
:1004E000460A007267626C696768742074696D659A
:1004F000722064697361626C652E0A007267626CB7
:10050000696768742074696D657220656E61626CDC
:1005100065642E0A007267626C696768742073658F
:1005200074207370656564205B4E4F454550524F93
:100530004D5D3A2025750A007267626C69676874C0
:1005400020736574207370656564205B4545505267
:100550004F4D5D3A2025750A007267626C696768C5
:10056000742073657420687376205B4E4F45455048
:10057000524F4D5D3A2025752C25752C25750A00A6
:100580007267626C6967687420736574206873763B
:10059000205B454550524F4D5D3A2025752C257501
:1005A0002C25750A007267626C6967687420726135
:1005B000696E626F7720736574206873763A2025C0
:1005C000642C25642C25642C25750A007267626CE6
:1005D000696768742064697361626C65205B4E4F63
:1005E000454550524F4D5D3A207267626C696768AD
:1005F000745F636F6E6669672E656E61626C6520FD
:100600003D2025750A007267626C69676874206412
:10061000697361626C65205B454550524F4D5D3A90
:10062000207267626C696768745F636F6E66696782
:100630002E656E61626C65203D2025750A0072672B
:10064000626C6967687420656E61626C65205B4EE0
:100650004F454550524F4D5D3A207267626C696755
:1006600068745F636F6E6669672E656E61626C6544
:10067000203D2025750A007267626C6967687420E6
:10068000656E61626C65205B454550524F4D5D3A29
:10069000207267626C696768745F636F6E66696712
:1006A0002E656E61626C65203D2025750A007267BB
:1006B000626C6967687420746F67676C65205B455E
:1006C0004550524F4D5D3A207267626C696768749D
:1006D0005F636F6E6669672E656E61626C65203D53
:1006E0002025750A007267626C69676874206D6FF7
:1006F0006465205B4E4F454550524F4D5D3A202575
:10070000750A007267626C69676874206D6F646552
:10071000205B454550524F4D5D3A2025750A0072C9
:1007200067626C696768745F696E6974207267627A
:100730006C696768745F636F6E6669672E6D6F645E
:1007400065203D20302E20577269746520646566EF
:1007500061756C742076616C75657320746F2045CB
:100760004550524F4D2E0A007267626C696768747B
:100770005F696E6974206565636F6E66696720697D
:1007800073206E6F7420656E61626C65642E0A0062
:100790007267626C696768745F696E6974207374EC
:1007A000617274210A007267626C696768745F69BC
:1007B0006E69742063616C6C65642E0A00726762F6
:1007C0006C696768745F636F6E6669672E737065C6
:1007D0006564203D2025640A007267626C69676861
:1007E000745F636F6E6669672E76616C203D2025AD
:1007F000640A007267626C696768745F636F6E6633
:1008000069672E736174203D2025640A0072676257
:100810006C696768745F636F6E6669672E6875657B
:10082000203D2025640A007267686C696768745F00
:10083000636F6E6669672E6D6F6465203D20256469
:100840000A007267626C696768745F636F6E6669DD
:10085000672E656E61626C65203D2025640A00721A
:1008600067626C696768745F636F6E66696720456D
:100870004550524F4D3A0A0032190A00047F3F1F7B
:10088000643214643214783C1E1E140A0522232597
:100890002628292A2C2D2F3032333536383A3B3D45
:1008A0003E4042434547494A4C4E50515355575993
:1008B0005A5C5E6062646668696B6D6F71737577B0
:1008C000797B7D7F81838587898A8C8E90929496AF
:1008D000989A9C9E9FA1A3A5A7A8AAACAEAFB1B3BE
:1008E000B4B6B8B9BBBCBEBFC1C2C3C5C6C7C9CA0E
:1008F000CBCCCDCED0D1D2D2D3D4D5D6D7D7D8D9D0
:10090000D9DADADBDBDBDCDCDCDCDCDDDDDDDDDC2D
:10091000DCDCDCDCDBDBDBDADAD9D9D8D7D7D6D53F
:10092000D4D3D2D2D1D0CECDCCCBCAC9C7C6C5C301
:10093000C2C1BFBEBCBBB9B8B6B4B3B1AFAEACAA4E
:10094000A8A7A5A3A19F9E9C9A98969492908E8CFE
:100950008A89878583817F7D7B79777573716F6DD8
:100960006B6968666462605E5C5A595755535150B2
:100970004E4C4A4947454342403E3D3B3A38363566
:100980003332302F2D2C2A292826252322FFAA7F17
:1009900055406261636B6C6967687420627265615F
:1009A0007468696E672064697361626C650A0062CD
:1009B00061636B6C696768742062726561746869F1
:1009C0006E6720656E61626C650A006261636B6CC4
:1009D0006967687420627265617468696E67207403
:1009E0006F67676C653A2025750A006261636B6CFE
:1009F0006967687420737465703A2025750A00620F
:100A000061636B6C696768742064697361626C65AB
:100A10000A006261636B6C6967687420656E61626D
:100A20006C650A006261636B6C6967687420746F3F
:100A300067676C653A2025750A006261636B6C69B3
:100A40006768742064656372656173653A20257513
:100A50000A006261636B6C6967687420696E637217
:100A6000656173653A2025750A00000000000000EA
:100A7000000000000001010203040506080A0C0F33
:100A80001114181C2024292E33393F464C535B6225
:100A90006A7179818A929AA2AAB2B9C1C8CFD5DC0B
:100AA000E1E7EBF0F4F7FAFCFDFEFFFEFDFCFAF7E0
:100AB000F4F0EBE7E1DCD5CFC8C1B9B2AAA29A92B3
:100AC0008A8179716A625B534C463F39332E2924FF
:100AD000201C1814110F0C0A08060504030201015A
:100AE0000000000000000000000000010101010101
:100AF00001010101020202020202020202030303D7
:100B000003030303030404040404040405050505A6
:100B10000506060606060707070707080808080966
:100B20000909090A0A0A0B0B0B0C0C0C0D0D0D0E12
:100B30000E0E0F0F0F1010111111121213131414A7
:100B4000151516161717181819191A1A1B1B1C1D1C
:100B50001D1E1E1F20202122222324242526262775
:100B60002829292A2B2C2D2D2E2F303132323334A7
:100B700035363738393A3B3C3D3E3F4041424344AD
:100B800045464748494A4C4D4E4F5051535455568F
:100B900058595A5B5D5E5F616264656668696B6C3B
:100BA0006D6F7072737577787A7B7D7E80828385B6
:100BB00087888A8C8E8F91939596989A9C9EA0A2F6
:100BC000A3A5A7A9ABADAFB1B3B5B7BABCBEC0C200
:100BD000C4C6C9CBCDCFD1D4D6D8DBDDDFE2E4E7C4
:100BE000E9EBEEF0F3F5F8FAFDFF6F6C65645F6F0B
:100BF000666620636D64206661696C65640A000046
:100C0000AE6F6C65645F6F6E20636D6420666169B2
:100C10006C65640A0000AF6F6C65645F72656E643A
:100C2000657239302064617461206661696C656445
:100C30000A006F6C65645F72656E64657220646142
:100C40007461206661696C65640A006F6C65645F3D
:100C500072656E646572206F666673657420636F7B
:100C60006D6D616E64206661696C65640A0064691B
:100C700073706C61795F7365747570322066616939
:100C80006C65640A0000DA0281FFD9F1DB20A4A6BA
:100C90002EAF646973706C61795F666C69707065A2
:100CA00064206661696C65640A0000A0C06F6C65B1
:100CB000645F696E697420636D64206E6F726D612C
:100CC0006C20726F746174696F6E206661696C6507
:100CD000640A0000A1C86F6C65645F696E69742066
:100CE000636D64207365742031206661696C65648E
:100CF0000A0000AED580A81FD300408D142000004C
:100D000000000000003E5B4F5B3E003E6B4F6B3EC1
:100D1000001C3E7C3E1C00183C7E3C18001C577D8D
:100D2000571C001C5E7F5E1C0000183C180000FF72
:100D3000E7C3E7FF00001824180000FFE7DBE7FF28
:100D40000030483A060E00262979292600407F0502
:100D5000050700407F05253F005A3CE73C5A007FCD
:100D60003E1C1C0800081C1C3E7F0014227F22141D
:100D7000005F5F005F5F0006097F017F00006689FA
:100D8000956A0060606060600094A2FFA294000811
:100D9000047E04080010207E20100008082A1C0889
:100DA00000081C2A0808001E10101010000C1E0C51
:100DB0001E0C0030383E383000060E3E0E06000095
:100DC000000000000000005F0000000007000700B6
:100DD00000147F147F1400242A7F2A120023130892
:100DE00064620036495620500000080703000000E6
:100DF0001C224100000041221C00002A1C7F1C2AEA
:100E00000008083E0808000080703000000808084C
:100E10000808000000606000002010080402003E86
:100E20005149453E0000427F400000724949494611
:100E3000002141494D33001814127F100027454509
:100E40004539003C4A494931004121110907003622
:100E50004949493600464949291E0000001400004E
:100E60000000403400000000081422410014141453
:100E70001414000041221408000201590906003E22
:100E8000415D594E007C1211127C007F4949493660
:100E9000003E41414122007F4141413E007F49499E
:100EA0004941007F09090901003E41415173007F1A
:100EB0000808087F0000417F4100002040413F01B9
:100EC000007F08142241007F40404040007F021C08
:100ED000027F007F0408107F003E4141413E007FB9
:100EE00009090906003E4151215E007F0919294682
:100EF0000026494949320003017F0103003F404079
:100F0000403F001F2040201F003F4038403F00630B
:100F100014081463000304780403006159494D4325
:100F200000007F41414100020408102000004141BF
:100F3000417F0004020102040040404040400000A4
:100F400003070800002054547840007F28444438A8
:100F500000384444442800384444287F003854541E
:100F600054180000087E09020018A4A49C78007F91
:100F7000080404780000447D4000002040403D000B
:100F8000007F102844000000417F4000007C04786E
:100F90000478007C0804047800384444443800FC99
:100FA000182424180018242418FC007C08040408C1
:100FB0000048545454240004043F4424003C40405E
:100FC000207C001C2040201C003C4030403C004461
:100FD00028102844004C9090907C004464544C4469
:100FE0000000083641000000007700000000413694
:100FF0000800000201020402003C2623263C0000F7
:101000000000000000404040F0F8F8FF38FFF8F81A
:101010003FF8F8FF38FFF8F8F040404000000000CB
:10102000000080C0C0C0800000C0C0800000008000
:10103000C0C000C0C0000080C0C00000000000C0F0
:10104000C0C0C0C000C0C000000000000000000020
:101050000000000000000000000000000000000090
:101060000000000000000000000000000000000080
:101070000000000000000000000000000000C0F0C0
:10108000F8FC3E1E06010000007F4141417F007FC9
:101090004141417F000080C0E07E5B4F5BFEC000AD
:1010A00000C000DCD7DEDEDED7DC00C000000000C0
:1010B0000000000000000000000000000000000030
:1010C0000000000000494949FFFFFFFFE0DFBFBF0C
:1010D00000BFBFDFE0FFFFFFFF49494900000000FC
:1010E000001F3F6060E0BF1F007F7F071E381E07A4
:1010F0007F7F007F7F0E1F3B716000000000007F3C
:101100007F0C0C0C007E7E007F7E0303007F7E033D
:10111000037E7E03037F7E000F3E703C063C703EE4
:101120000F00327B49493F7E007F7E0303001E3F54
:1011300069696F2600000000000000000000030F36
:101140001F3F3C7870600000007F4141417F007F7D
:101150004141417F00307B7F7830202030787F3BD9
:101160000003000F7F0F0F0F7F0F00030000000030
:10117000000000000000000000000000000000006F
:101180000000000000010101070F0F7F0F7F0F0F0C
:101190007E0F0F7F0F7F0F0F07010101000000007E
:1011A000000000000000010100000000000000003D
:1011B000000000000000000000000000000000002F
:1011C000000000000000000000000000000000001F
:1011D000000000000000000000000000000000000F
:1011E00000000000000000000000000000000000FF
:1011F00000000000000000000000000000000000EF
:1012000000000000000000000000000000000000DE
:1012100000000000000000000000000000000000CE
:1012200000000000000000000000000000000000BE
:101230000000000000000000000000000000000AA4
:10124000002530325820006B6579626F6172645FEF
:101250007265706F72743A20000A002530325800AF
:101260006B6579626F6172645F7365745F6C6564EE
:101270003A200064656C5F6B65795F6269743A203F
:1012800063616E27742064656C3A20253032580AF9
:10129000006164645F6B65795F6269743A206361C1
:1012A0006E2774206164643A20253032580A002980
:1012B0000A002575002F002575005D2800256400B3
:1012C0002000256400200025640020002564007CA7
:1012D0000025303258006D6F7573656B6579205B42
:1012E00062746E7C782079207620685D2872657043
:1012F0002F61636C293A205B006D6B5F77686565D1
:101300006C5F74696D655F746F5F6D6178203D20FF
:1013100025640A006D6B5F776865656C5F6D617849
:101320005F7370656564203D2025640A006D6B5F06
:1013300074696D655F746F5F6D6178203D20256411
:101340000A006D6B5F6D61785F7370656564203D49
:101350002025640A006D6B5F696E74657276616C3E
:10136000203D2025640A006D6B5F64656C61792007
:101370003D2025640A006D6B5F776865656C5F745E
:10138000696D655F746F5F6D6178203D2025640A2B
:10139000006D6B5F776865656C5F6D61785F73701A
:1013A000656564203D2025640A006D6B5F74696D7E
:1013B000655F746F5F6D6178203D2025640A006D64
:1013C0006B5F6D61785F7370656564203D20256497
:1013D0000A006D6B5F696E74657276616C203D20EA
:1013E00025640A006D6B5F64656C6179203D202582
:1013F000640A000A00257500363A20776865656C36
:101400005F74696D655F746F5F6D61783A20000A83
:1014100000257500353A20776865656C5F6D6178E9
:101420005F73706565643A20000A00257500343AE0
:101430002074696D655F746F5F6D61783A20000A92
:1014400000257500333A206D61785F7370656564BF
:101450003A20000A00257500323A20696E746572E0
:1014600076616C286D73293A20000A0025750031D9
:101470003A2064656C6179282A31306D73293A20ED
:10148000000A092D2056616C756573202D0A004DE8
:101490003E004D25643E20003F0073657420646566
:1014A0006661756C740A00433E200077686572655A
:1014B0002064656C74613A20637572736F723D25A8
:1014C000642C20776865656C3D25640A536565204A
:1014D000687474703A2F2F656E2E77696B6970652A
:1014E0006469612E6F72672F77696B692F4D6F7515
:1014F00073655F6B6579730A000A092D204D6F755E
:1015000073656B6579202D0A4553432F713A097134
:101510007569740A313A0964656C6179282A313039
:101520006D73290A323A09696E74657276616C28A6
:101530006D73290A333A096D61785F73706565646C
:101540000A343A0974696D655F746F5F6D61780A7A
:10155000353A09776865656C5F6D61785F737065B2
:1015600065640A363A09776865656C5F74696D650C
:101570005F746F5F6D61780A0A703A097072696E04
:10158000742076616C7565730A643A09736574201A
:1015900064656661756C74730A75703A092B310A5B
:1015A000646F776E3A092D310A706775703A092BAE
:1015B00031300A7067646F776E3A092D31300A0A4C
:1015C0007370656564203D2064656C7461202A2019
:1015D0006D61785F7370656564202A20287265707C
:1015E000656174202F2074696D655F746F5F6D6134
:1015F00078290A003F004D3E2000433E20004C2544
:10160000640A0074696D65725F72656164333228C3
:10161000293A202530346C580A006B65796D617069
:101620005F636F6E6669672E6E6B726F3A20255826
:101630000A006B6579626F6172645F69646C653A18
:101640002025580A006B6579626F6172645F707261
:101650006F746F636F6C3A2025580A00686F73745B
:101660005F6B6579626F6172645F6C656473282972
:101670003A2025580A000A092D20537461747573A5
:10168000202D0A004743433A20382E332E30204184
:1016900056522D4C4942433A20322E302E302041B2
:1016A00056525F415243483A2061767235310A0002
:1016B0004F5054494F4E533A204C554641204D4FC0
:1016C0005553454B45592045585452414B45592097
:1016D000434F4E534F4C4520434F4D4D414E4420B8
:1016E0004E4B524F20383139320A004255494C4452
:1016F0003A202028466562202032203230323129BB
:101700000A005649443A2030783534344228546827
:1017100065204B657920436F6D70616E792920508B
:1017200049443A20307830303034284D306C6C7970
:1017300029205645523A203078303030310A000A9C
:10174000092D2056657273696F6E202D0A000A09F3
:101750002D20436F6E736F6C65202D0A4553432F08
:10176000713A09717569740A6D3A096D6F7573651F
:101770006B65790A000A092D204D61676963202D88
:101780000A443A094465627567204D657373616761
:101790006520546F67676C650A583A094D61747229
:1017A0006978204465627567204D6F646520546FC9
:1017B00067676C65202D2053686F77206B657970A3
:1017C00072657373657320696E206D6174726978D8
:1017D00020677269640A4B3A094B6579626F6172DE
:1017E0006420446562756720546F67676C65202DBF
:1017F0002053686F77206B65797072657373207200
:1018000065706F72740A4D3A094465627567204DC0
:101810006F75736520546F67676C650A563A095691
:10182000657273696F6E0A533A0953746174757304
:101830000A433A09416374697661746520436F6EA7
:10184000736F6C65204D6F64650A46312D463130EB
:101850003A0953776974636820746F204C61796525
:101860007220302D392028463130203D204C30293F
:101870000A302D393A0953776974636820746F20F0
:101880004C6179657220302D390A47524156453AEC
:101890000953776974636820746F204C61796572AD
:1018A00020302028616C7465726E617465290A426B
:1018B0003A094A756D7020746F20426F6F746C6FB7
:1018C000616465720A4553433A094A756D70207424
:1018D0006F20426F6F746C6F616465722028616C59
:1018E0007465726E617465290A453A095072696EB1
:1018F0007420454550524F4D2053657474696E678E
:10190000730A4253504143453A09436C6561722062
:10191000454550524F4D0A4E3A094E4B524F2054B6
:101920006F67676C650A000A002575002E6C657686
:10193000656C3A20000A002575002E656E61626CA8
:10194000653A20000A0025303258006261636B6CF2
:10195000696768745F636F6E6669672E7261773A54
:1019600020000A002575002E6E6B726F3A20000A67
:10197000002575002E737761705F6261636B736C15
:101980006173685F6261636B73706163653A2000C5
:101990000A002575002E737761705F677261766546
:1019A0005F6573633A20000A002575002E6E6F5F35
:1019B0006775693A20000A002575002E73776170FB
:1019C0005F72616C745F726775693A20000A002566
:1019D00075002E737761705F6C616C745F6C6775F6
:1019E000693A20000A002575002E737761705F72D6
:1019F00063746C5F726775693A20000A0025750090
:101A00002E737761705F6C63746C5F6C6775693A95
:101A100020000A002575002E636170736C6F636B84
:101A20005F746F5F636F6E74726F6C3A20000A00B0
:101A30002575002E737761705F636F6E74726F6CC3
:101A40005F636170736C6F636B3A20000A0025302E
:101A50003258006B65796D61705F636F6E666967A0
:101A60002E7261773A20000A002575002E6D6F7581
:101A700073653A20000A002575002E6B6579626F48
:101A80006172643A20000A002575002E6D6174723F
:101A900069783A20000A002575002E656E61626C37
:101AA000653A20000A002530325800646562756787
:101AB0005F636F6E6669672E7261773A20000A0075
:101AC00025750064656661756C745F6C617965721B
:101AD0003A20003F004E4B524F3A206F66660A0094
:101AE0004E4B524F3A206F6E0A000A6D6F75736548
:101AF0003A206F66660A000A6D6F7573653A206F4B
:101B00006E0A000A6B6579626F6172643A206F66D3
:101B1000660A000A6B6579626F6172643A206F6EC3
:101B20000A000A6D61747269783A206F66660A006D
:101B30000A6D61747269783A206F6E0A000A6465F2
:101B40006275673A206F66660A000A6465627567A7
:101B50003A206F6E0A000A0A4A756D70696E672036
:101B6000746F20626F6F746C6F616465722E2E2EBD
:101B70002000433E2000436C656172696E6720451A
:101B80004550524F4D0A006565636F6E6669673A4E
:101B90000A005B735D004B6579626F61726420734C
:101BA000746172742E0A005B575D005B535D005BCD
:101BB000525D005B445D005B435D000C034D0030F3
:101BC000006C006C00790000002003540068006580
:101BD0000020004B0065007900200043006F006D7D
:101BE00000700061006E0079000000040309040920
:101BF000027B00040100A0FA0904000001030101B6
:101C0000000921110100012240000705810308009D
:101C10000A0904010002030000000921110100016A
:101C2000222200070582032000010705030320008C
:101C30000109040200010300000009211101000153
:101C400022BC000705840320000A090403000203E4
:101C5000000000092111010001222200070585036F
:101C600020000107050503200001120110010000FA
:101C700000084B5404000100010200010631FF0975
:101C800074A1010975150026FF00952075088102D1
:101C90000976150026FF00952075089102C00660A0
:101CA000FF0961A1010962150026FF009520750852
:101CB00081020963150026FF00952075089102C076
:101CC00005010902A10185020901A1000509190107
:101CD00029051500250195057501810295017503FA
:101CE00081010501093009311581257F95027508AB
:101CF000810609381581257F950175088106050C37
:101D00000A38021581257F950175088106C0C00536
:101D1000010980A101850319012AB700150126B721
:101D200000950175108100C0050C0901A101850411
:101D300019012AA002150126A00295017510810043
:101D4000C005010906A1018505050719E029E71568
:101D50000025019508750181020507190029EF1575
:101D600000250195F07501810205081901290595E5
:101D70000575019102950175039101C005010906E0
:101D8000A101050719E029E715002501950875014E
:101D900081029501750881010507190029FF1500C9
:101DA00026FF00950675088100050819012905958B
:101DB0000575019102950175039101C011241FBEA3
:101DC000CFEFD0E2DEBFCDBF04B603FE27C08091C7
:101DD0006F0690917006A0917106B09172068730DF
:101DE000904BA740B04BD1F410926F061092700642
:101DF000109271061092720614BE84B7877F84BF5A
:101E00000FB6F894A8958091600088618093600077
:101E1000109260000FBEE0E0F0EF099512E0A0E044
:101E2000B1E0EAE6FBE900E00BBF02C007900D92CB
:101E3000A030B107D9F726E0A0E0B2E001C01D92C2
:101E4000AF36B207E1F70E94B1450C941E4D0C94D9
:101E50000000FF93EF93E0910002F09101023097B0
:101E600009F00995EF91FF910895FC01859180306B
:101E700011F0EFDFFBCF0895FF27E0E230E247FFEC
:101E80000CC0419597FF09C0EDE260957095809573
:101E90009095611D711D811D911D27FF02C0219527
:101EA00030E350E2AA27660F771F881F991FAA1FE9
:101EB000A41710F0A41B63955A95A9F7AA3008F04F
:101EC000A95FA05DAF93F39561157105810591053B
:101ED00041F7ED3211F4EF93F395F21718F43F93B5
:101EE000F395FBCF8F91B5DFFA95E1F70895E9916E
:101EF000F9918591803021F0853219F0AADFF9CF70
:101F0000089520E0E89455915532C1F3503311F40F
:101F1000689455915A3348F4505390F3220F022E8F
:101F2000220F220F200D250FF4CF0EF42195899159
:101F30009991533619F3533729F1533559F1BC01AF
:101F400088279927E8945C3621F4899199916894BF
:101F50005591543639F446EF7EF077FF0DC08FEF80
:101F60009FEF0AC055374AE039F0583540E121F07B
:101F7000523642E009F00895FF93EF937DDFEF9131
:101F8000FF91B7CFFF93EF93FC0181918030B9F3BC
:101F900060DFFBCFFF93EF9368DFF1CFDF93CF9349
:101FA000CDB7DEB72596A3DFCF91DF910895509886
:101FB000589A5198599A279A2F9A0C947E2CCF931D
:101FC00060E089EE90E00E942E2760E081EE90E0D4
:101FD0000E942E2760916B0370916C0380916D03BA
:101FE00090916E030E949237813081F1882351F0E5
:101FF000823081F1833091F160E086EB90E00E94C5
:10200000402705C060E08BED90E00E942E270E94E3
:10201000D52BC82F8CEA90E0C0FF02C081EB90E086
:1020200060E00E942E2782EA90E0C1FF02C087EAAA
:1020300090E060E00E942E2788E990E0C2FF02C095
:102040008DE990E060E0CF910C942E2760E081ED67
:1020500090E0DBCF60E086EC90E0D7CF60E080ECF2
:1020600090E0D3CF81E0089581E008950C9434107E
:1020700008950C9438101F93CF93DF9300D000D0B5
:102080000F92CDB7DEB749835A836B833091F60246
:1020900089819A8131111DC06623B9F02223A9F0EC
:1020A0000E944936182F682F89819A810E94F53540
:1020B00069817A81812F0F900F900F900F900F9070
:1020C000DF91CF911F910C94E4240E942136182FA8
:1020D000EFCF0E94493669817A81EDCFFC01262F2E
:1020E000408151816281738184810C943B10CF9334
:1020F000DF93EC0160E00E946E10BE01DF91CF9192
:102100000C943910FF920F931F93CF93DF93E82F16
:10211000F0E0E55FFB4FF490C82FC695C695C695D5
:10212000D0E0FE01E556FB4F0491877010E0082EC9
:1021300002C0159507950A94E2F701701127C5575B
:10214000DB4FFE01C491D0E002C0D595C7958A95BA
:10215000E2F7C170DD270115110519F081EE0E942B
:10216000E32D209719F086EE0E94E32D8F2D0E941B
:10217000D02ECD2B19F086EE0E947A2E012B41F045
:1021800081EEDF91CF911F910F91FF900C947A2EE9
:10219000DF91CF911F910F91FF900895EF92FF92E1
:1021A0000F931F93CF93DF93EC01162F0AE08881E2
:1021B000882309F454C0813009F04EC089818130F0
:1021C00099F47E0122E0E20EF11C8A810E94D02E59
:1021D000E7012196812F815050F3EFE9FFE031971D
:1021E000F1F700C00000F7CF823041F47E0182E0B9
:1021F000E80EF11C8A810E94E32DEACF833041F47E
:102200007E01E2E0EE0EF11C8A810E947A2EE0CF80
:10221000843011F02196DDCF2A81229690E080E073
:10222000AE014F5F5F4F2053330B2A30310548F02A
:10223000019778F2EFE9FFE03197F1F700C0000075
:10224000F7CF089FB001099F700D1124C901860FB7
:10225000971F2981EA01E4CF0E948210BACFDF9153
:10226000CF911F910F91FF90EF90089560E00C9433
:10227000CE108F929F92AF92BF92CF92DF92EF9249
:10228000FF920F931F936B017C0181E090E0A0E02F
:10229000B0E04C015D0104C0880C991CAA1CBB1C59
:1022A0004A95D2F7B501A4014C015D0104C0880C28
:1022B000991CAA1CBB1C2A95D2F7482959296A29BE
:1022C0007B2904C0880F991FAA1FBB1F0A95D2F74C
:1022D0008A019B010C211D212E213F210417150786
:1022E0002607370789F48C299D29AE29BF29BC010F
:1022F000CD011F910F91FF90EF90DF90CF90BF9095
:10230000AF909F908F90089580959095A095B095EF
:102310008C219D21AE21BF21EACF0F93382F262F8C
:1023200060916B0370916C0380916D0390916E03CB
:10233000042F432F0E9439110F910C9433350E94C2
:10234000BF3A0E943038811102C00E94DD380E94DD
:102350003F120E94E0210C944A140C944D140895ED
:102360000E945F310E94AF112FEF84E39CE0215067
:1023700080409040E1F700C000000C94993A0F9320
:102380001F93CF93DF93EC0161E00E946E108C01EC
:10239000BE010E947A228823A1F1BE01C8010E94D9
:1023A0003610882371F1BE01C8010E94C520882320
:1023B00041F1BE01C8010E943C29882311F1BE01F0
:1023C000C8010E948E298823E1F0BE01C8010E9445
:1023D000B12A8823B1F0BE01C8010E94C11E882322
:1023E00081F08A81882341F101308CE5180779F06A
:1023F0000E3D8CE51807E9F001151C45E9F40E9433
:10240000B01180E0DF91CF911F910F9108959091CD
:102410009803892F8E7F90FF81608093980380FFBF
:1024200005C08AEF93E00E94350FEBCF88EE93E072
:10243000FACF0E94DD38E5CFCE01DF91CF911F9119
:102440000F910C94321008950C94231281E008959A
:10245000CF93C82F0E942612882349F0C0FF09C0DD
:102460005A9AC1FF08C05B9AC2FF07C05C9ACF911D
:1024700008955A98F6CF5B98F7CF5C98F8CF529AA8
:102480005A98539A5B98549A5C980895CF93C82FA2
:102490000E9424128C2FCF910C94281290E080E09F
:1024A00008950895FC01EE0FFF1FE555FB4F859140
:1024B00094910895CF93DF930E94E4240E946F13B8
:1024C000EC01811520E5920708F042C0811530E447
:1024D000930708F0BDC0883E910528F5803E910520
:1024E00008F09DC0883A910588F4853A910508F076
:1024F0008FC08130910509F492C0009709F48FC014
:10250000049708F08CC0D0E0C0E089C08F3B9105F3
:1025100008F489C0805C9109C03CD105A0F30E94F9
:102520005212EC017CC08115904250F4C11581E03B
:10253000D80708F074C0C03FD10528F3D0656FC03C
:10254000C11590E3D90708F079C0CE019F70E7CF9D
:10255000811525E5920758F5811534E5930708F0B4
:10256000A6C0811542E5940750F4C11581E5D8074E
:1025700008F471C0DC2FCC27C16FD06A50C0982FEF
:10258000969596959E0123703327C115D34508F083
:102590007FC0C1E0D0E002C0CC0FDD1F2A95E2F77A
:1025A00020E2929FC0011124C82BD92B6FC0C11506
:1025B00089E5D807A8F4C11598E5D90708F07CC0CB
:1025C000C11526E5D20708F09ECF8C2F0E94061475
:1025D000C82FD0E0DC2FCC27CC27DF71D0621FC002
:1025E000C1153AE5D30708F46CC0CE0190568115A9
:1025F000904208F088CF8D2F8F710E94061490E0D2
:10260000982F882788279F719C012C2BE901E6CF02
:10261000C55AD0E0CE59DE4FC881D0E0D064CE019B
:10262000DF91CF910895C85AD0E0CC0FDD1FCC5C6C
:10263000DE4F0990D881C02DD464F1CFCE01992707
:10264000D3FF03C0EC01D86CEACFEC01D06CE7CF2C
:10265000DF70D06AE4CFCE01E4E096958795EA95E5
:10266000E1F783702C2F26952695237090E2299F01
:1026700090011124382B8C2F8370C1E0D0E002C070
:10268000CC0FDD1F8A95E2F7C22BD32BDC68C7CFB6
:10269000C1E0D0E002C0CC0FDD1F2A95E2F730E2A6
:1026A000939FC0011124C82BD92BDA68B8CFD82F3B
:1026B000CC27C46FD06AB3CFDC2FCC27C06FD06AD1
:1026C000AECF8C2F8F700E94061434E0D695C7953C
:1026D0003A95E1F7CF709C2FEC01D069A0CF8238FA
:1026E0009105B1F1B0F48133910509F475C048F456
:1026F0008932910509F469C08A32910509F473C0E1
:1027000008958533910509F459C08933910501F184
:102710000895833E9105A9F138F4803E9105F9F0C2
:10272000823E910549F10895863E9105A9F1873EC3
:102730009105C9F1843E910519F52091610621FFAB
:102740001FC08091600684FD14C087EE90E008955C
:10275000209160062370A1F080EE90E00895209112
:10276000600620FD47C03091610630FF09C024FF9C
:1027700044C090E080E004C02091600622FDF7CFC5
:1027800008952091600622FD3BC03091610630FD26
:10279000E3CF24FFF5CFEDCF2091600623FFF0CFEC
:1027A00024FDE7CFD2CF2091600623FD2CC03091CD
:1027B000610631FFEECF84EE90E00895209160062F
:1027C00025FFDECF89E290E008952091600625FF85
:1027D000D7CF85E390E008952091600626FFD0CF03
:1027E0008AE290E008952091600626FFC9CF81E338
:1027F00090E0089589E390E0089583EE90E00895D5
:1028000082EE90E0089586EE90E008959091600643
:1028100092FF06C0282F28712830F9F4877F846042
:1028200093FF06C0282F28712831F1F4877E846138
:102830002091610620FF06C0382F38713830D9F456
:10284000877F816021FF06C0282F28712831D1F4AD
:10285000877E816194FD877E0895282F247124301E
:10286000F9F68B7F8860DCCF282F2471243101F7A3
:102870008B7E8861DDCF382F3171313019F78E7F33
:102880008860E0CF282F2171213121F78E7E886169
:10289000E1CF08950C94491408950C944C1494E0DD
:1028A000899FF0011124EE51FC4F6081718182817A
:1028B00093810895CF92DF92EF92FF920F931F932F
:1028C000CF93DF938CEB94E00E94350F82EEE82EDD
:1028D00083E0F82ED0E0C0E097EBC92E94E0D92E2B
:1028E0000DEA14E0DF93CF93DF92CF920E94CE0FD8
:1028F00084EB94E00E94350FF70161917191819111
:1029000091917F010E9404389F938F937F936F93DF
:102910001F930F930E94CE0F8BEA94E00E94350F15
:1029200021968DB79EB70A960FB6F8949EBF0FBE3C
:102930008DBFC530D105B1F6DF91CF911F910F91B9
:10294000FF90EF90DF90CF90089580EA8A95F1F79D
:102950000895F894E82FE295EF70F0E031A1282F68
:102960002F7081E090E001C0880F2A95EAF7982F38
:102970009095932391A392A1892B82A37894089593
:10298000CF93DF9382EF0E94A91481EF0E94A914D4
:1029900080EF0E94A91481EC0E94A91480EC0E948F
:1029A000A914C5E6D1E089910E94A91481E0C83735
:1029B000D807C9F7EEECF3E0A2EEB3E01192119262
:1029C000119211921D921D921D921D9283E0E23E82
:1029D000F807A1F785E00E948F15DF91CF910C9445
:1029E0009F114F925F926F927F928F929F92AF92C0
:1029F000BF92CF92DF92EF92FF920F931F93CF93EC
:102A000008E711E03EECE32E33E0F32EC0E0CC24E7
:102A1000C394D12CF80181918F01F894E82FE295AD
:102A2000EF70F0E021A18F70260102C0440C551C0C
:102A30008A95E2F7C201922F982B91A392A18095DB
:102A4000892382A378940E94A514A5E6B1E090E0C2
:102A500080E0812C912C54014D91E42FE295EF7090
:102A6000F0E020A130E04F7002C0359527954A95DF
:102A7000E2F720FD4EC0412C512C32014394082E28
:102A800004C0440C551C661C771C0A94D2F7B30191
:102A9000A201842A952AA62AB72A01968331910594
:102AA000D9F6F801319780810E94A914F70180813D
:102AB0009181A281B38188169906AA06BB0669F1A5
:102AC00080829182A282B38281E0C82BF4E0EF0E73
:102AD000F11C41E00D37140709F09CCF2C2F45E085
:102AE00062EE73E08EEC93E00E9490150E94AD11AF
:102AF0008C2FCF911F910F91FF90EF90DF90CF908F
:102B0000BF90AF909F908F907F906F905F904F900D
:102B1000089540E050E0BA01BCCF80E0D6CF0895E0
:102B2000FF920F931F93CF93DF93F82ED92F8B0132
:102B3000C42F222349F081E0809304020E944E3A80
:102B4000909303028093020280910402882399F0FB
:102B500080910202909103020E94663A069758F013
:102B6000EF2DFD2FD80190E080E0D0E08C179D077D
:102B700044F010920402DF91CF911F910F91FF90CA
:102B8000089501911191219131910D931D932D93F0
:102B90003D930196EBCFEF92FF920F931F93CF934C
:102BA000DF93EB01E82FD11110C0442321F0F0E0B6
:102BB000E651F54FE4916E2F7E2F8E2FDF91CF914E
:102BC0001F910F91FF90EF9008950D2F10E0282F87
:102BD00030E0442329F02651354FF901249130E0AB
:102BE000F6E0CF9FC0011124EFEFF0E0BF010E949B
:102BF000AF4BAB018C2F90E0880F991FA5E5A49FE8
:102C0000B001A59F700D1124861B970B982F990F6B
:102C1000980FBF01601B710B629FD001639FB00DC5
:102C2000729FB00D11248B2F9D9FB0011124672F2F
:102C30007727EF01C61BD70BBE01629FE001639FA0
:102C4000D00D729FD00D11247F01E91AF108E09E8A
:102C5000B001E19E700DF09E700D1124672F772753
:102C6000E61BF70BE29F8001E39F100DF29F100D12
:102C70001124E12F722F4230510599F048F441158B
:102C8000510569F04130510581F0EB2F8D2F07C0C0
:102C90004430510569F080F046305105B1F76E2F90
:102CA0008DCFE22F7B2F812FFACFE22F7D2FF7CF11
:102CB000EB2F822F712FF3CF7B2F822FED2FEFCFB2
:102CC00041E00C94CB1508950C946016CF93DF93DC
:102CD000762FE901682F842F0E9464167983688318
:102CE0008A83DF91CF9108958091F603982F9E7F7C
:102CF00029F4817082608093F60308958635E8F3A5
:102D000081708465F8CF88E090E00C94BF4CCF923E
:102D1000DF92EF92FF926B017C010E947416B70163
:102D2000A60188E090E0FF90EF90DF90CF900C94A8
:102D3000DD4C6091F6037091F7038091F803909158
:102D4000F9030C948716E6EFF3E083E080831182A9
:102D50008FEF82838383148260817181828193816A
:102D60000C9487168091980380FF76C08FE598E0D9
:102D70009F938F930E94CE0F809198030F900F9096
:102D800080FF6AC08091F60381701F928F9382E466
:102D900098E09F938F930E94CE0F809198030F909D
:102DA0000F900F900F9080FF57C08091F60386958B
:102DB0001F928F9387E298E09F938F930E94CE0F8C
:102DC000809198030F900F900F900F9080FF44C058
:102DD0008091F7031F928F938DE098E09F938F93DC
:102DE0000E94CE0F809198030F900F900F900F903C
:102DF00080FF32C08091F8031F928F9383EF97E09A
:102E00009F938F930E94CE0F809198030F900F9005
:102E10000F900F9080FF20C08091F9031F928F9335
:102E200089ED97E09F938F930E94CE0F8091980336
:102E30000F900F900F900F9080FF0EC08091FA03BB
:102E40001F928F938DEB97E09F938F930E94CE0FED
:102E50000F900F900F900F9008958091F60380FFD0
:102E600002C08695089580E008959091FA0393300A
:102E700018F49F5F9093FA03882351F06091F60352
:102E80007091F7038091F8039091F9030C948716E1
:102E9000089581E00C9435179091FA03992319F065
:102EA00091509093FA03882351F06091F60370914A
:102EB000F7038091F8039091F9030C948716089515
:102EC00081E00C944C178091FA0308958093FA03E3
:102ED0006623E9F06091F6037091F7038091F8039F
:102EE0009091F9030E9487168091980380FF0EC08D
:102EF0008091FA031F928F9388E395E09F938F93BD
:102F00000E94CE0F0F900F900F900F900895909108
:102F1000980390FFFBCF1F928F9385E195E0EECF52
:102F200060E00C9466178091F70308958091F80390
:102F300008958091F903089570E00C94F621609152
:102F400008018091F60380FF0AC08091070123E009
:102F5000829FC001112485509C4F0C949C17809136
:102F6000090190910A0123E0829FF0011124E550AC
:102F7000FC4F891750F71182108212828F5F3396AF
:102F8000F8CF9091F60390FF14C090910901209121
:102F90000A0133E0939FF0011124E550FC4F921792
:102FA00010F00C949F178183608342839F5F339658
:102FB000F6CF0895CF93DF9300D00F92CDB7DEB751
:102FC0009091F60390FF0AC09E012F5F3F4F0E9431
:102FD00066164B8169818A810E94C1170F900F90FC
:102FE0000F90DF91CF910895CF93DF93EC01EC81A7
:102FF000F0E0E357F74F4491E6EFF3E0628181811F
:103000000E94DA178C818F5F8C83DF91CF910895B6
:10301000CF93DF93EC01E6EFF3E0438162818C8193
:103020000E94DA178C818F5F8C83DF91CF91089596
:103030000F931F93CF93DF9300D00F92CDB7DEB7DE
:103040008C018091050281110AC09E012F5F3F4FC4
:103050004FEF6FEF0E9466168A8180930502F80198
:103060006481613069F08091050240E0662361F07F
:1030700040E0623011F44091050280E060E004C05D
:103080006091050240E080E00E94C117F801848150
:1030900090E0019663E070E00E94C34B84830F9040
:1030A0000F900F90DF91CF911F910F9108954F9244
:1030B0005F926F927F928F929F92AF92BF92CF92C8
:1030C000DF92EF92FF920F931F93CF93DF9300D085
:1030D0000F92CDB7DEB7182FD62E042F722E9091F7
:1030E000F60390FF46C0E92FE695AE2FB0E0A35857
:1030F000BE4F8C918093A5029E7F923009F04DC007
:103100009E012F5F3F4F812F0E9466164B81698180
:103110008A810E94C1171093F703D092F80300939D
:10312000F903772009F49CC06091F6037091F703CE
:103130008091F8039091F9030E948716809198037B
:1031400080FF17C08091F9031F928F938091F8033D
:103150001F928F938091F7031F928F9380E895E0E1
:103160009F938F930E94CE0F0FB6F894DEBF0FBED1
:10317000CDBF0F900F900F90DF91CF911F910F91C6
:10318000FF90EF90DF90CF90BF90AF909F908F9087
:103190007F906F905F904F900895823019F4009166
:1031A000F903B9CF863019F41091F703B4CF893001
:1031B000D9F3893109F0AFCFE9518E2F8170682E94
:1031C0008E2F80958170C82EE695F0E0E357F64F7C
:1031D000E590F490412CFF2495EAA92E95E0B92EB4
:1031E00060910B01461618F00E949F1794CF842C13
:1031F000912C8E9CC0018F9C900D9E9C900D112453
:1032000070E00E94AF4B512E611028C0560E809185
:10321000980380FF11C0FF92EF921F92CF921F92EE
:103220005F921F924F92BF92AF920E94CE0F0FB645
:10323000F894DEBF0FBECDBF20910901820E911C14
:103240009401220F331F280D391D25503C4F402F6C
:103250006D2D852D0E9466164394C2CF561AD7CF86
:103260008091980380FF85CF1F920F931F92DF926A
:103270001F921F9389E595E073CFE6EFF3E091810C
:10328000282F4381628185E0890F0C94571881E0D3
:103290000C943D19E6EFF3E09181282F4381628180
:1032A0008BEF890F0C94571881E00C944A19E6EFC4
:1032B000F3E062812AE0620F08F46FEF282F438168
:1032C00081810C94571881E00C945719E6EFF3E0D4
:1032D00062812AE0621B08F460E0282F438181812B
:1032E0000C94571881E00C946619E6EFF3E04381E3
:1032F0002AE0420F08F44FEF282F628181810C945D
:10330000571881E00C947519E6EFF3E043812AE049
:10331000421B08F440E0282F628181810C945718E9
:1033200081E00C94841920E00C945718EF92FF92DE
:103330001F93CF93DF93EC0110E0EE24EA94F12C7D
:1033400060910B01161770F00E949F179A818C8173
:1033500090FF27C08F5F8C83DF91CF911F91FF90EB
:10336000EF90089520910901422F410F5527551FD5
:10337000CA019A01220F331F280F391F25503C4FD5
:1033800070E0C7010E94C34B962F8C814091F903D6
:103390006091F803199F800D11240E9466161F5F2B
:1033A000CFCF8150D8CFAF92BF92CF92DF92EF9222
:1033B000FF920F931F93CF93DF93FC0182810FEF56
:1033C00080FF01E010E04EE1A42E80910B01181760
:1033D000C8F00E949F1780910702013009F055C084
:1033E000811102C080910B01815080930702DF910F
:1033F000CF911F910F91FF90EF90DF90CF90BF90F2
:10340000AF900895C0910901C12ED12CCC0DDD2DB6
:10341000D11DCE01880F991FC80FD91FC550DC4F91
:10342000198218821A8234E0E32EF12CB12C80919B
:1034300007028B0D8F311CF16A2D0E94A14B892F41
:10344000082E000C990BC816D90691F48091F90347
:103450008E9DA0018F9D500D112455954795559532
:1034600047959E016091F8038091F7030E946616CC
:10347000B00EF1E0EF1AF108D1F61F5FA6CF87FF7B
:10348000DFCF90910B01890FDBCF90E00196609127
:103490000B0170E00E94C34BA8CF0F931F93CF93F3
:1034A000DF938091090190910A0123E0829FF0014E
:1034B0001124E550FC4F891740F1C0E0D3E0609142
:1034C0000B01C61740F10E949F17209105018091C2
:1034D0000602820F8093060290910601920F90934C
:1034E0000601191654F4082E000C990B40910B019B
:1034F0004150550B841795071CF021952093050129
:10350000DF91CF911F910F91089511821082128245
:103510008F5F3396D0CF0C2F10E070E0C8010E946F
:10352000C34B20910901820F482F50E020910602E1
:10353000022E000C330B02171307BCF0209106017A
:10354000022E000C330B201731077CF08D9F900169
:10355000112425503C4F4091F9036091F80380916C
:10356000F7030E946616CF5FAACFFA01EE0FFF1F86
:10357000E40FF51FE550FC4F118210821282F3CF49
:103580008F929F92AF92BF92CF92DF92EF92FF9273
:103590000F931F93CF93DF93EC014C81042F10E026
:1035A0009801D8010E94114C9B01AC010E94274C4C
:1035B0004B015C01E0E2F0E0E01BF10BA5E5B0E0BF
:1035C000AC019B010E94274C6B017C019F01DF0134
:1035D0000E94094C9B01AC010E94324C9B01AC0142
:1035E000280D391D4A1D5B1DC701B6010E94D74B2E
:1035F000F22E822F90E039E23F1560F143E0249FE4
:103600009001112435952795122F109500E085E53E
:10361000E82EEF1880910B01081758F10E949F17B0
:103620009C8181E0992319F0903219F48FEF8093F7
:10363000040180910401890F8C83DF91CF911F9148
:103640000F91FF90EF90DF90CF90BF90AF909F9041
:103650008F90089525E530E0B901681B790B9B0137
:10366000220F331F260F371F37FFCCCF2F5F3F4F5F
:10367000C9CF8E2D01FD8F2D20910901622F600F82
:103680007727771F9B01220F331F260F371F2550E7
:103690003C4F412F6091F8030E9466160F5FBACF2E
:1036A0000F931F93CF93DF93EC0110E000E0909114
:1036B0000B019017110609F06CF40E949F178C8182
:1036C00090E00196817099278C83DF91CF911F91B3
:1036D0000F91089520910901A801420F511D9A01EF
:1036E000220F331F240F351F25503C4F4C81609112
:1036F000F8038091F70396959017110651F04CF05E
:10370000442349F04091F9030E9466160F5F1F4F52
:10371000CECF4423B9F340E0F7CF8F929F92AF9280
:10372000BF92CF92DF92EF92FF920F931F93CF93AE
:10373000DF93FC01B280948081E0848300E015E097
:103740005BE4A52E88248394EE24EA94F12C7BE498
:10375000C72ED12C80910B01081770F0DF91CF910B
:103760001F910F91FF90EF90DF90CF90BF90AF909F
:103770009F908F900C949F17C02FD0E01C9FF0015A
:103780001D9FF00D1124E85FFD4F91101CC01382A6
:10379000128220910901CE01820F911D9C01220FFE
:1037A000331F280F391F25503C4F1C9FF0011D9FD0
:1037B000F00D1124E85FFD4F4281618180810E94FC
:1037C00066160F5FC7CF2381222379F1215023830F
:1037D00034818A2D821B311101C0822F1C9FF00180
:1037E0001D9FF00D1124E85FFD4F9091F903899F13
:1037F000C0011124B6010E94AF4B6283211104C0A5
:10380000332311F01482A38222E02B1510F21C9FA7
:10381000F0011D9FF00D1124E85FFD4F8091F7032B
:1038200080838091F8038183B4CF0E94854C8230DD
:1038300091400CF0AECF82E08B1530F50E94854CA4
:10384000B7010E94C34B1C9FF0011D9FF00D112476
:10385000E85FFD4F808322E02B15C8F40E94854C61
:103860002091F8032695622F70E00E94C34B280F29
:103870001C9FF0011D9FF00D1124E85FFD4F218377
:103880001282A382848285CF8091F703DCCF2091BE
:10389000F803EECF6091F603669570E04BE050E0E0
:1038A0008CE091E00E949D4C892B19F481E080937B
:1038B000A6020E944E3A90939F0280939E028091AE
:1038C000980380FF08C08CEF94E09F938F930E9431
:1038D000CE0F0F900F9008951092A602809198033A
:1038E00080FF08C083EE94E09F938F930E94CE0FD9
:1038F0000F900F9008959091F60390FF54C091702F
:1039000081113BC092609093F6036623E9F16091C8
:10391000F6037091F7038091F8039091F9030E94E8
:1039200087168091980380FF0FC08091F6038695DB
:103930001F928F9383E097E09F938F930E94CE0F07
:103940000F900F900F900F906091F603669570E0C6
:103950004BE050E08CE091E00E949D4C892B01F1FE
:103960000E946C1C81E08093A1024091F903609158
:10397000F8038091F7030C9493198B3210F094653F
:10398000C2CF880F982BBFCF8091980380FFDCCFE8
:103990008091F60386951F928F9385EE96E0CCCFAB
:1039A0000E944A1CDFCF0895682F9091F6039695E8
:1039B00081E0890F8B3208F081E00C947B1C81E060
:1039C0000C94D41C682F9091F60396958FEF890F75
:1039D00009F48AE20C947B1C81E00C94E21C61E007
:1039E0000C947B1C8091F60381608093F603809198
:1039F000980380FF0DC01F9281E08F9387E796E0C8
:103A00009F938F930E94CE0F0F900F900F900F9067
:103A10008091F60386950C94EF1C60E00C947B1C5F
:103A20008091A402811160C08091980380FF14C02E
:103A300086EA97E09F938F930E94CE0F8091980320
:103A40000F900F9080FF08C080E997E09F938F93BD
:103A50000E94CE0F0F900F900E943038811110C03D
:103A60008091980380FF08C088E697E09F938F932A
:103A70000E94CE0F0F900F900E94DD380E94A31677
:103A80000E9483166093F6037093F7038093F80304
:103A90009093F9036E7FC1F48091980380FF08C072
:103AA0008FE197E09F938F930E94CE0F0F900F901E
:103AB0000E94A3160E9483166093F6037093F70387
:103AC0008093F8039093F9030E9474160E94B21633
:103AD0001092A6028091F60380FF03C086950E9493
:103AE0000D1D81E08093A40208958091F60381600A
:103AF0008093F6038091980380FF0DC01F9281E0B0
:103B00008F938EE396E09F938F930E94CE0F0F903A
:103B10000F900F900F908091F60386950C940D1DD9
:103B20008091F6038E7F8093F6036091F603709187
:103B3000F7038091F8039091F9030E948716809112
:103B4000980380FF0FC08091F60381701F928F93BE
:103B500086E096E09F938F930E94CE0F0F900F9078
:103B60000F900F900E946C1C2FEF80E792E0215085
:103B700080409040E1F700C000000C949F178091B6
:103B8000980380FF10C08091F603809581701F928A
:103B90008F938EEA96E09F938F930E94CE0F0F90A3
:103BA0000F900F900F908091F60380FD0C94901D64
:103BB0000C94F21C8091F6038E7F8093F603809123
:103BC000980380FF0CC01F921F928CEC95E09F938E
:103BD0008F930E94CE0F0F900F900F900F900E9426
:103BE0006C1C2FEF80E792E0215080409040E1F77D
:103BF00000C000000C949F170F931F93CF93DF9387
:103C00008091A602882309F49DC08091A502E091CD
:103C1000F603E695E81BE093A0028230C9F5F0E0D8
:103C2000E757F74FE491CE2FD0E004EF17E18091F2
:103C3000A102882389F01092A1020E944E3A9E01AF
:103C400020953095820F931F90939F0280939E0240
:103C50001092A3021092A20280919E0290919F0264
:103C60000E94663A8C179D0708F46CC0E0919E0292
:103C7000F0919F02CE0FDF1FD0939F02C0939E0250
:103C80008EE992E0F801DF91CF911F910F91099495
:103C9000863049F4F0E0EA57F74FE491CE2FD0E0B8
:103CA00008E018E1C4CF893051F4E695F0E0ED5713
:103CB000F74FE491CE2FD0E006E919E1B8CF8F306D
:103CC00051F4E695F0E0E058F74FE491CE2FD0E0C4
:103CD00003ED19E1ACCF853149F4F0E0E358F74F3B
:103CE000E491CE2FD0E00DE41AE1A1CFC8E2D0E0FC
:103CF00000EC1AE1883109F49ACF833239F4EBE70A
:103D0000F8E0C591D49108E118E191CFC4EFD1E07A
:103D100000E51BE1843209F48ACFC0EDD7E003E669
:103D200016E1853209F083CF8E2F63E00E94954B18
:103D3000E92FF0E0E858F74FE491CE2FD0E00DE8FE
:103D40001BE175CFDF91CF911F910F910895FA017B
:103D5000811101C0FB010994CF93DF93C82FD62FA7
:103D60000E942D178C1740F00E942D178D1720F4FC
:103D7000DF91CF910C94DF1C8C2FDF91CF910C94AD
:103D8000EF1C0F931F93CF938C01FB01C281CC23B7
:103D900009F465C00E94DE368272F801E25CFC45DF
:103DA000E431F10538F4E05EF24B0C94F94B0E94DB
:103DB000BF1DC0E08C2FCF911F910F9108954CEE45
:103DC0005CE16FED7CE10E94A71EF3CF4FED5CE15B
:103DD0006CEE7CE1F8CF44E559E167E479E1F3CF9B
:103DE00047E459E164E579E1EECF42E759E163E662
:103DF00079E1E9CF43E659E162E779E1E4CF40E9CF
:103E000059E161E879E1DFCF41E859E160E979E121
:103E1000DACF40E657E169E477E1D5CF49E457E1ED
:103E200060E677E1D0CF81E00E94EF1CC2CF65E071
:103E300082E00E94AC1EBDCF68E086E0FACF6EE063
:103E400089E0F7CF64E18FE0F4CF67E185E1F1CF5E
:103E500088E1EACF62E289E1ECCF83E2E5CFC1E01D
:103E6000A9CF809155040C946238809155048695B1
:103E70008695869508958091550481FD13C08260D2
:103E8000809355040E9462388091980380FF08C097
:103E90008FEA99E09F938F930E94CE0F0F900F901F
:103EA0000C94582108958091550481FF13C08D7F93
:103EB000809355040E9462388091980380FF08C067
:103EC00082E999E09F938F930E94CE0F0F900F90FD
:103ED0000C9464210895CF93C0915504C695C17088
:103EE0008091980380FF0CC01F92CF938BEC99E0D8
:103EF0009F938F930E94CE0F0F900F900F900F9073
:103F0000CC2319F0CF910C94531FCF910C943B1FED
:103F100080915504869581700895809117010895C8
:103F20000E943038811102C00E94DD380E945E3844
:103F300080935504803220F0877088618093550407
:103F400090915504892F817090FF04C0892F869528
:103F5000869586950C942E2180915504982F9695E0
:103F600096959695933040F49F5F990F990F990F0E
:103F70008770892B809355048091550481608093CC
:103F800055040E9462388091980380FF11C080918F
:103F900055048695869586951F928F9382E59AE0C3
:103FA0009F938F930E94CE0F0F900F900F900F90C2
:103FB000809155048695869586950C942E21809146
:103FC0005504982F987F79F0885080935504887F06
:103FD00091E009F490E08091550490FB80F9809382
:103FE00055040E9462388091980380FF11C080912F
:103FF00055048695869586951F928F938AE39AE05D
:104000009F938F930E94CE0F0F900F900F900F9061
:10401000809155048695869586950C942E218091E5
:10402000550480FD1FC0816080935504813019F4D0
:1040300089E080935504809155040E9462388091F4
:10404000980380FF08C082E19AE09F938F930E94BB
:10405000CE0F0F900F90809155048695869586958A
:104060000C942E2108958091550480FF14C08E7FFA
:10407000809355040E9462388091980380FF08C0A5
:104080008FEF99E09F938F930E94CE0F0F900F9028
:1040900080E00C942E210895CF93C0915504C170F7
:1040A0008091980380FF0CC01F92CF9384E29AE026
:1040B0009F938F930E94CE0F0F900F900F900F90B1
:1040C000CC2319F0CF910C943320CF910C940F2076
:1040D00090915504892F8695869586958F5F8F716F
:1040E0009770843080F5880F880F880F892B809314
:1040F000550480915504887F91E009F490E0809107
:10410000550490FB80F9809355040E946238809199
:10411000980380FF11C080915504869586958695F9
:104120001F928F938BEE99E09F938F930E94CE0FF7
:104130000F900F900F900F90809155048695869563
:1041400086950C942E2190935504D3CF843008F09B
:1041500083E0909155049770282F220F220F220F91
:10416000922B90935504987F21E009F420E09091E0
:10417000550420FB90F9909355040C942E210E9435
:10418000A620809155040C946238FC01DB01129644
:104190008C918823F9F0EB5BFC45E730F105D8F40E
:1041A000EC5CF24B0C94F94B83E00E94BF2080E062
:1041B000089580E0FACF0E94DF1FF9CF0E94AC1F64
:1041C000F6CF0E944C20F3CF0E946820F0CF0E94CF
:1041D0006B1FEDCF81E00895269A2E9808952E98B2
:1041E0000895CF92DF92EF92FF928C3724E19207ED
:1041F00050F469E070E00E94AF4BCB01FF90EF906C
:10420000DF90CF900895B0E0A0E0BC01CD016A50EE
:10421000774D8F4F9F4F982F872F762F662725EF4B
:1042200038E241E050E00E94D74B69017A01CA01AF
:10423000B9010E94854B9B01AC01C701B6010E94E8
:10424000854B672F782F892F99276115710521E0FC
:104250008207910591F66FEF7FEFCFCFCF93C82FF5
:104260008430F0F481111DC0809180008F7D809397
:1042700080000E94EF202C2F30E0AFEFBFEF0E94B4
:10428000114C23E030E040E050E00E94D74BC901E0
:104290000E94F12090938B0080938A00CF91089523
:1042A000C3E080918000806280938000E4CF089515
:1042B0001092A8021092A7021092A902EFE6F0E075
:1042C0008081816080830895EFE6F0E080818E7FB9
:1042D00080830E94351F0C942E211F920F920FB6DF
:1042E0000F9211240BB60F922F933F934F935F932E
:1042F0006F937F938F939F93AF93BF93CF93EF93DE
:10430000FF930E948D1F4091A7025091A8024F5F1A
:104310005F4F94EF899F90011124CA01B9010E9457
:10432000AF4B9093A8028093A702B901660F672F45
:10433000661F770B71950E94AF4B6F778091A90232
:10434000823041F4603451F480916F008E7F80930D
:104350006F0004C0813011F46F37B1F3E62FF0E045
:10436000E659F54FC4910E94351F282F41E051E0D6
:10437000C49FC001C59F900D112463E070E00E94AE
:10438000AF4B269FC001279F900D11240E94F12062
:1043900090938B0080938A00FF91EF91CF91BF9112
:1043A000AF919F918F917F916F915F914F913F91CD
:1043B0002F910F900BBE0F900FBE0F901F9018956E
:1043C0000E94EC2082E28093800089E1809381004A
:1043D0008FEF9FEF90938700809386000E94901F3D
:1043E0000E94881F81110C9458210895579A4BB14F
:1043F0004F775BB15068EFB7F8949B01220F331FE2
:10440000260F371F280F391F2817390741F4EFBF30
:104410008FE594E00197F1F700C000000895DC01FA
:104420006D91CD0178E05BB9000000C067FF4BB92A
:10443000660F000000C000C000C04BB900C07A95F4
:1044400091F7E2CF82E290E00E94B74C813289F48A
:1044500083E290E00E94B74C823059F484E290E00D
:104460000E94B74C91E0823009F090E0892F817072
:10447000089580E0FCCFCF93C82F6FEF811161E2E8
:1044800082E290E00E94CB4CC1110CC0CFEF6C2FA8
:1044900083E290E00E94CB4C6C2F84E290E0CF91BD
:1044A0000C94CB4CC2E0F3CF80E00E943B220C94F2
:1044B0002A38089585E290E00E94B74C682F70E09A
:1044C00090E080E0089585E290E00C94CB4C0E944F
:1044D00059220E94222281110CC060E070E0CB01C1
:1044E0000E9463220E945C240E94482581E00C9473
:1044F0003B220895CF93FB01C281CC2309F19C019B
:1045000022513F452031310520F582510E94582526
:10451000C0E08C2FCF91089581E00E94593543E08F
:1045200062E081E00E948D11F3CF81E00E947A3534
:1045300043E062E081E00E948D11EBCF82E0F6CF94
:104540008031FFE59F0789F381319F45B9F3C1E0D1
:10455000E0CF8031EFE59E07F9F281319F45C9F642
:1045600082E0DBCF2FEFFC0120830895CF93DF9310
:10457000EC018881893029F08A3079F0DF91CF9180
:1045800008950E94351F2FEF829FC001112463E020
:1045900070E00E94AF4B6983F1CF0E94881F89832E
:1045A000EDCFFC018081893019F08A3069F00895DF
:1045B000818123E0829FC00111246FEF70E00E948F
:1045C000AF4B862F0C94A6208181811102C00C94E0
:1045D000531F0C943B1FCF93DF93EC0188818138EC
:1045E000A9F028F4803871F0DF91CF9108958238D6
:1045F00081F08338C9F70E94931789830E94961728
:104600008A83F2CF0E9499178983EECF0E942D17DB
:10461000FBCF0E946317F8CFCF93DF93EC01888123
:104620008138E1F028F4803869F0DF91CF91089566
:10463000823811F18338C9F70E949917482F6A818F
:10464000898108C0D9810E949617C82F0E949317AC
:104650004D2F6C2FDF91CF910C94931989810E947B
:104660000D1D8981811104C0DF91CF910C94DA1D59
:10467000DF91CF910C94751D8981DF91CF910C94BE
:104680009017EF92FF920F931F93CF93DF93EC015C
:10469000E62EDC01ED918D01E150E33108F0C9C057
:1046A000F0E0E55CF24B0C94F94B198289E08A83C7
:1046B0006E2DCE01DF91CF911F910F91FF90EF9062
:1046C0000C944D448981823069F0833071F08130DF
:1046D000E1F40E945A3A0E94024C6A837B838C83E5
:1046E0009D83E6CF0E945A22F6CF8E01F12C8F2DAA
:1046F0000E944F14F801828373836483F3940D5FE7
:104700001F4FF5E0FF12F3CFD3CF6E2DCE010E94E5
:10471000B222CECF89818230C1F76A817B818C81C0
:104720009D810E94024C0E946322C2CF4B816A810C
:1047300089810E942E249827892798279D838C831E
:10474000B7CF2C813D813227232732274B816A81C5
:1047500089810E944724ACCF0E945C24A9CFCD015F
:104760000E94D122C8010E940C23A2CFCD010E9439
:10477000B622C8010E94EB229BCF0E94311F0E94EB
:10478000991696CF0E94F124898392CF0E94F32438
:104790009827892798279A8389838ACF6B8170E02D
:1047A00089819A81AE014C5F5F4F982789279827AE
:1047B0000E94F6247DCF6B8170E089819A81AE01E1
:1047C0004C5F5F4F9827892798270E941D2570CF3F
:1047D0000E9448256DCF0E941C24D6CF6B8170E0CB
:1047E00089819A81AE014C5F5F4F9827892798276E
:1047F0000E9494245DCF6B8170E089819A81AE0123
:104800004C5F5F4F9827892798270E94BA2450CF82
:104810000E9454224DCF0E944D442FEF81EE94E030
:10482000215080409040E1F700C000000E94993A7A
:104830003FCF8FEF88833CCF84E0089550E0440F52
:10484000551F96E2699F400D511D11249EEB899FD3
:10485000400D511D1124CA01869608950F931F9390
:10486000CF93DF930E941E248C010E94B74CC82F67
:10487000D0E0DC2FCC27C80101960E94B74C9E01E6
:10488000282BC901DF91CF911F910F9108950F93AC
:104890001F93CF93DF93122F032F0E941E24EC014E
:1048A000602F0E94CB4C612FCE010196DF91CF91FA
:1048B0001F910F910C94CB4CAF92BF92CF92DF928D
:1048C000EF92FF921F93CF93DF9380EFC82E80E08B
:1048D000D82ED0E07601C0E014C0F50125913491C6
:1048E000412F6C2F8D2F0E94472482E0A80EB11C0F
:1048F0001F5F133191F786E2E80EF11CCF5FC530E0
:1049000019F0570110E0E9CFDF5F8EEBC80ED11C24
:10491000D43001F7DF91CF911F91FF90EF90DF909E
:10492000CF90BF90AF900895EF92FF920F931F9397
:10493000CF93DF93EC018A017C01E60EF71ECE01D6
:104940008696CE15DF0539F4DF91CF911F910F9137
:10495000FF90EF900895C83F22E0D20740F40E94F4
:10496000B74CF80180830F5F1F4F2196E8CFF80105
:104970001082F9CFCF92DF92EF92FF920F931F93A5
:10498000CF93DF937C016A018C01060F171FEC01A6
:10499000CE018696C017D10749F4DF91CF911F91C0
:1049A0000F91FF90EF90DF90CF900895C83F22E0E5
:1049B000D20740F4FE01EE19FF09EC0DFD1D6081E8
:1049C0000E94CB4C2196E4CF462F843038F47530CA
:1049D00028F4633118F4672F0C942E2490E080E0C3
:1049E000089580E1089582EE94E00895EF92FF9299
:1049F0000F931F93CF93DF93EC018A017C01E60EA6
:104A0000F71ECE01825E9C4FCE15DF0539F4DF9193
:104A1000CF911F910F91FF90EF900895C23E24E037
:104A2000D20740F40E94B74CF80180830F5F1F4FFC
:104A30002196E7CFF8011082F9CFCF92DF92EF9263
:104A4000FF920F931F93CF93DF937C016A018C0138
:104A5000060F171FEC01CE01825E9C4FC017D107D5
:104A600049F4DF91CF911F910F91FF90EF90DF906C
:104A7000CF900895C23E24E0D20740F4FE01EE1923
:104A8000FF09EC0DFD1D60810E94CB4C2196E3CF08
:104A9000CF93DF93CEE1D3E060E0CE010E94CB4C18
:104AA0002196C11588E0D807B9F7DF91CF91089515
:104AB000DF92EF92FF920F931F93CF93DF9300D07B
:104AC00000D0CDB7DEB7F82E8FE08F1540F08FEF16
:104AD00097E00E94B74C0EE113E08823C1F00F90DD
:104AE0000F900F900F90DF91CF911F910F91FF903A
:104AF000EF90DF900895011588E0180781F3C80151
:104B00000E94B74C811101C0FA940F5F1F4FF11042
:104B1000F2CF19821A821B821C82DD24D394780181
:104B20008FEFE81AF80AC8010E94B74C89831A82ED
:104B30008823A9F29FEF980F933078F48A83D98263
:104B40000E5F1F4FC7010E94B74C8B83882339F239
:104B5000CE0101960E943611E2CF8701F9CFCF92A4
:104B6000DF92EF92FF920F931F93CF93DF936C012D
:104B70007B0164E670E088E70E94E12AEC0197FD82
:104B800012C010E000E0F601E00FF11F849164E62E
:104B900070E00E943D2BEC01892B29F40F5F1F4F21
:104BA0000E151F0581F70E94C02BCE01DF91CF911A
:104BB0001F910F91FF90EF90DF90CF90089508958F
:104BC000E6E5F4E080E092E0DF019C011D922150D7
:104BD0003040E1F7F0935B06E0935A068FEF9FEFCA
:104BE0009093D6028093D50208950E94DF2580938A
:104BF000D10280FD13C080E88093D0020E94DB2A9E
:104C00006DE070E082EF9CE00E94AF25892B41F0BF
:104C100086ED9CE00E94350F80E0089580E2ECCFA5
:104C20008091D10263E070E081FD09C083ED9CE0DA
:104C30000E94AF25892B61F08DEA9CE0EBCF8AEAD8
:104C40009CE00E94AF25892B19F082E99CE0E2CF1D
:104C50006DE070E085E89CE00E94AF25892B19F09B
:104C60008EE69CE0D7CF0E945A3A605A75418F4F2A
:104C70009F4F609356067093570680935806909303
:104C800059060E94E02581E08093D4028093D302EC
:104C90001092D20208952091D00236E0839FC00185
:104CA0001124629F800D911D1124811522E092072D
:104CB00014F090E080E08A5A9B4F90935B068093BB
:104CC0005A06089520915A0630915B0620553440CB
:104CD0004091D002642F70E0C9010E94AF4B481B85
:104CE000463010F4240F311D211582E0380710F0F2
:104CF00030E020E02A5A3B4F30935B0620935A065F
:104D000008951F93CF93DF93162F8A3031F481E0FB
:104D1000DF91CF911F910C94FB268D3011F480E030
:104D2000F7CFC0915A06D0915B0696E0FE01AAEA41
:104D3000B2E001900D929A95E1F7803EC8F086E0CE
:104D4000FE0111928A95E9F711111EC0C0915A0611
:104D5000D0915B0646E050E0BE018AEA92E00E94F4
:104D6000AA4C892BF9F4DF91CF911F910C94622604
:104D7000F6E08F9FB00111246150734F46E050E080
:104D8000CE010E94944CE0CFE0915A06F0915B0670
:104D90009F012A5F3F4F2E173F07C1F28081809508
:104DA0008193F9CFC655D440CE0125E096958795DD
:104DB0002A95E1F721E030E0A90102C0440F551F18
:104DC0008A95E2F7CA014091D5025091D602842B10
:104DD000952B259645E0D695C7954A95E1F702C0F3
:104DE000220F331FCA95E2F7822B932B9093D602A2
:104DF0008093D502B8CFCF93382FE0915A06F09127
:104E00005B06E655F4402091D002622F70E0CF019E
:104E10000E94AF4B281B822F332369F066E00E946B
:104E2000954BC82FC15010F4CF91089560E080E2F7
:104E30000E948126F7CF9F01280F311D2115324096
:104E400018F080E0F0E0E0E08E0F9F2F911D8A5A6D
:104E50009B4F90935B0680935A06E6CF1F93CF93A8
:104E6000DF93EC01162FFE018491811104C0DF91C4
:104E7000CF911F910895612F0E9481262196F3CF33
:104E80000E942E2781E00C94FB268091D402811190
:104E900003C08091D30208950E945A3A605A754126
:104EA0008F4F9F4F60935606709357068093580616
:104EB000909359068091D3028111EBCF62E070E0AC
:104EC00085E19CE00E94AF25892B29F081E09CE0E0
:104ED0000E94350FDECF81E08093D302DACF2F928C
:104EE0003F925F926F927F928F929F92AF92BF920A
:104EF000CF92DF92EF92FF920F931F93CF93DF93A6
:104F00008091D402882369F02091D5023091D60295
:104F10002115310531F08091D20261E070E08823E3
:104F200099F0DF91CF911F910F91FF90EF90DF905B
:104F3000CF90BF90AF909F908F907F906F905F9039
:104F40003F902F9008958F5F082F10E01B01082ECF
:104F500002C0220C331C0A94E2F7A901422153211A
:104F6000452B89F39091D10290FD31C08295880F35
:104F7000807680931A019801369527953695279566
:104F800020931D01815E80931B0110921E0124E677
:104F900030E047E050E068E171E088E70E946C2B68
:104FA000892B19F18BE49CE0DF91CF911F910F9138
:104FB000FF90EF90DF90CF90BF90AF909F908F9039
:104FC0007F906F905F903F902F900C94350F880FDB
:104FD000880F880F80931A0110921D01895F8093BA
:104FE0001B0183E080931E01D2CFA80125E0440F6E
:104FF000551F2A95E1F78091D10280FD10C04A5AD1
:105000005B4F04E610E020E230E060E488E70E94B5
:10501000932B892B09F469C082E39CE0C5CFE0EBB8
:10502000F2E080E2DF011D928A95E9F7ACEAB1E097
:1050300008EA11E080EBC82E81E0D82E97E0592EC7
:10504000772473948D91E80129918E01240F352FD7
:10505000311D2A5A3B4FE82FF0E0E055FD4F90E01C
:1050600080E0652C681A872C082E01C0880C0A94F1
:10507000EAF77901A12CE701B9907E01B820662DED
:105080006A196770962E062E000C770BDB2D01C077
:10509000DD0F9A94EAF7719561957109677077272A
:1050A00001C0B6946A95EAF7BD2A6081962E9B28C6
:1050B0009082A39468E0A612DECF019631968830E4
:1050C000910579F6CA16DB0609F0BCCF04E610E0BC
:1050D00020E230E040EB52E060E488E70E94932B4E
:1050E000892B19F087E19CE05FCF0E944527E10101
:1050F000C095D0958091D5029091D602C823D9232E
:10510000D093D602C093D5020CCF8091D302909158
:10511000D402911103C091E089270895882389F072
:1051200062E070E08FEF9BE00E94AF25892B39F0A1
:105130008AEE9BE00E94350F8091D3020895109271
:10514000D3028091D302E7CF0F931F938091D402B3
:10515000882319F160E080E00E944B260E94DF0F57
:105160000E946F278091D3028823B9F00E945A3A97
:105170000091560610915706209158063091590615
:10518000601B710B820B930B6F3F7F4F8F4F9F47BD
:1051900020F41F910F910C9485281F910F91089571
:1051A0000F931F93CF93DF93C42FD22FFC018281E3
:1051B0008823C9F04093D9020E944E3A9093D802B6
:1051C0008093D70280E28C0F883008F050C0C770FF
:1051D00081E001C0880FCA95EAF7DF91CF911F9156
:1051E0000F910C94E32E1091D902141335C08091C5
:1051F000D7029091D8020E94663A883C910560F5EA
:10520000C0E2CD0F1D17B9F080E2810F883040F465
:10521000177081E001C0880F1A95EAF70E94EA2E04
:10522000C83048F481E09D2F977001C0880F9A958F
:10523000EAF70E94E32E802F0E94D02EC830B8F4E7
:10524000D77081E001C0880FDA95EAF7DF91CF913E
:105250001F910F910C94EA2E80E28C0F883038F465
:10526000C77081E001C0880FCA95EAF7EFCFDF91E0
:10527000CF911F910F9108950F939C01CB01233F74
:105280004CE5340759F1A8F4283DFCE53F0701F14E
:10529000293D4CE53407D1F1273D3C4591F406E228
:1052A00021EE41EE67ED7CE50E94D02880E00F9171
:1052B0000895253FFCE53F07E9F0B0F0263F3C4567
:1052C000F9F0FC018281882339F11092D902EFCFE5
:1052D00007E225EE45EE68ED7CE5E6CF06E221EE3D
:1052E00040EE63EF7CE5E0CF07E225EE44EE64EFAD
:1052F0007CE5DACF06E221EE42EE65EF7CE5D4CF25
:1053000007E225EE46EE66EF7CE5CECF08E221E02F
:1053100045EE69ED7CE5C8CF81E0C9CFCF93DF933F
:10532000EC01FB018281882309F419C1C230FCE53C
:10533000DF07C0F1C6319CE5D90730F09E012A5F36
:105340003C452930310570F50E9443389093610641
:1053500080936006C031ECE5DE0709F4CFC008F0A9
:105360005BC0C8308CE5D80709F4B6C088F5C430F6
:10537000ECE5DE0709F4A8C0C0F4C2308CE5D8071C
:1053800009F49CC0809160068260C330DC4509F45A
:1053900098C080916006909161060E9451380E94E9
:1053A0005F3180E0DF91CF91089580916006806148
:1053B000C630ECE5DE0709F484C0809160068860A1
:1053C000C730DC4508F47DC080916006806279C0FA
:1053D000CC308CE5D80709F489C070F48091600660
:1053E0008C60CA30ECE5DE0709F46BC008F478C0C5
:1053F000809160068E7F65C0CE308CE5D80709F4B9
:1054000079C0809160068B7FCF30DC4508F459C0AD
:10541000809160068F7E55C0CB3FECE5DE0709F436
:1054200057C030F5C3318CE5D80709F46FC078F464
:10543000C131ECE5DE0709F465C0C231DC4509F095
:10544000A8CF0E945F31809160068F773AC0C53146
:105450008CE5D80709F462C008F476C08091610633
:105460008160CA3FDC4509F094CF8093610691CFFB
:10547000CF3FFCE5DF0709F44DC088F48091610659
:105480008D7FCD3F9CE5D90781F3809161068E7FAA
:10549000CE3FDC4550F3809161068360E6CFC1309A
:1054A000FDE5DF0709F459C008F444C080E0C230CC
:1054B000DD4509F06ECF0E94DF386BCF809160062A
:1054C00081608093600665CF809160068460F9CF2B
:1054D000809161068260C9CF809160068064F1CFBF
:1054E0000E945F31809160068068EBCF80916006FA
:1054F0008D7FE7CF80916006877FE3CF8091600644
:105500008F7DDFCF809160068F7BDBCF809160063F
:10551000837FD7CF809161068C7FA7CF8091600673
:1055200082FB992790F921E0922790FB82F990FB6A
:1055300083F9C7CF80916106982F909591708E7FE7
:10554000892B90FB81F991CF0E945F319091600689
:10555000892F97FB87F98058B4CF81E0ACCF81E0E9
:1055600021CFCF93DF93EB0186319C4511F50E944B
:10557000DE369A81992399F08A7A91E009F490E0D5
:105580009093DA02811109C089E20E94B9360E9423
:105590002A3780E0DF91CF91089585E3F6CF80919F
:1055A000DA02811104C089E20E94C036F0CF85E39F
:1055B000FBCF81E0EFCF1092B9008CE08093B80070
:1055C0000895EF92FF920F931F93CF93DF93182FBD
:1055D000EB011092BC0084EA8093BC000E944E3A1A
:1055E0007C018091BC0087FF27C08091B900887F33
:1055F000883029F08091B900887F8031D9F51093E7
:10560000BB0084E88093BC000E944E3A8C018091DC
:10561000BC0087FF24C02091B900287F90E080E083
:105620002831B1F081E090E0203411F490E080E086
:105630009195819591090CC0CF3FDC0791F20E94B2
:105640004E3A8E199F098C179D0758F28EEF9FEFE7
:10565000DF91CF911F910F91FF90EF900895CF3F71
:10566000DC07A9F20E944E3A801B910B8C179D0714
:1056700070F2ECCF8FEF9FEFEBCF0F931F93CF9391
:10568000DF93EB018093BB0084E88093BC000E9411
:105690004E3A8C018091BC0087FF11C02091B90067
:1056A000287F81E090E0283211F490E080E091952D
:1056B00081959109DF91CF911F910F910895CF3F6F
:1056C000DC0741F30E944E3A801B910B8C179D071B
:1056D00008F38EEF9FEFEECFCF92DF92EF92FF9223
:1056E0000F931F93CF93DF936B018A017901B90167
:1056F0000E94E12AE6010C0D1D1DC017D10761F4BF
:1057000024E92093BC00DF91CF911F910F91FF906E
:10571000EF90DF90CF90089597FDF2CFB701899178
:105720000E943D2BEACFCF92DF92EF92FF920F9330
:105730001F93CF93DF93C62F6A017901B8010E94AE
:10574000E12A97FD0CC0B8018C2F0E943D2BE60189
:10575000EC0CFD1CCE15DF0511F097FF0CC024E901
:105760002093BC00DF91CF911F910F91FF90EF909C
:10577000DF90CF900895B80189910E943D2BEACF28
:1057800084E98093BC0008959093E0028093DF0247
:105790000895E091DF02F091E002309721F001904E
:1057A000F081E02D099480E00895E091DF02F0910E
:1057B000E002309711F480E008950190F081E02D2F
:1057C00009950895EF92FF920F931F93CF93DF9364
:1057D000EC01E091DF02F091E002309709F446C05D
:1057E00080913301882341F08091600687FF04C0D7
:1057F0008881898385E088830280F381E02DCE0152
:1058000009958091980382FF31C080FF04C087E42E
:1058100092E10E94350F10E000E081E4E82E82E181
:10582000F82E8091980380FF0EC0FE01E00FF11F5B
:1058300080811F928F93FF92EF920E94CE0F0F9064
:105840000F900F900F900F5F1F4F0830110549F711
:105850008091980380FF0AC08FE392E1DF91CF919E
:105860001F910F91FF90EF900C94350FDF91CF9126
:105870001F910F91FF90EF900895E091DF02F0915A
:10588000E002309739F022E0DC012C930480F581AE
:10589000E02D099408952091DD023091DE02281751
:1058A000390771F09093DE028093DD02E091DF0210
:1058B000F091E002309721F00680F781E02D099405
:1058C00008952091DB023091DC022817390771F02E
:1058D0009093DC028093DB02E091DF02F091E00222
:1058E000309721F00084F185E02D0994089585B763
:1058F000806885BF85B7806885BF0895089508953D
:1059000008950C94802C0E94772C0E947F2C0C947C
:10591000D70F81E008950C94892C089508950E9472
:10592000453A0E94C0140E94672280E00E94F5253B
:105930000E94D33A0E94901F0E94101D0C94812C4B
:10594000CF93C82F8091980382FF1EC080FF1CC098
:1059500080E692E10E94350F8091980380FF14C089
:105960001F92CF938BE592E19F938F930E94CE0F6E
:10597000809198030F900F900F900F9080FF04C0BC
:1059800089E592E10E94350F8C2FCF910C9446123D
:105990002F923F924F925F926F927F928F929F923F
:1059A000AF92BF92CF92DF92EF92FF920F931F932D
:1059B000CF93DF93CDB7DEB72C970FB6F894DEBF49
:1059C0000FBECDBF0E948D2C0E948E2C0E94F11420
:1059D0008B870E948B2C882309F49CC042EE242ED6
:1059E00042E0342E10E000E00C87802F0E944F141C
:1059F0004B015C01F10141905190619071901F0148
:105A0000481459046A047B0409F47EC08091980309
:105A100081FD0E945A1480E0C12CD12C7601C394E0
:105A2000482459246A247B24B301A2014C215D211E
:105A30006E217F21452B462B472B09F45DC08E83B9
:105A4000FC85FF838C209D20AE20BF2081E089282B
:105A50008A288B2809F480E088870E944E3A81606A
:105A6000782F9A8789874E815F8168858A850E9411
:105A7000B42D000F111F000F111FF801EE51FD4F43
:105A800080819181A281B3818C259D25AE25BF2582
:105A900080839183A283B3830E94FC1D0E945721BF
:105AA0000E94A4288B8581110E9445270E94003DF9
:105AB0000E94C92B9091E1028917E9F10E94C92B3C
:105AC0008093E1022C960FB6F894DEBF0FBECDBFD7
:105AD000DF91CF911F910F91FF90EF90DF90CF90CA
:105AE000BF90AF909F908F907F906F905F904F90FE
:105AF0003F902F900C94A02C8F5FCC0CDD1CEE1CE3
:105B0000FF1C833109F090CF0F5F1F4F0530110547
:105B100009F06ACF8FEF89838A831B820E944E3AF5
:105B20008160782F9D838C8349815A816B818D811F
:105B30000E94B42DB1CF2C960FB6F894DEBF0FBEE5
:105B4000CDBFDF91CF911F910F91FF90EF90DF902C
:105B5000CF90BF90AF909F908F907F906F905F900D
:105B60004F903F902F900895CF93DF93CDB7DEB73E
:105B70002B970FB6F894DEBF0FBECDBF4F8358876B
:105B800069877A878B871E821D8285E0FE013796A2
:105B9000DE01119601900D928A95E1F749815A81B3
:105BA0006B817C818D819E812B960FB6F894DEBF30
:105BB0000FBECDBFDF91CF910C94D533FC01808116
:105BC00091810C948B36CF93C82F882309F490C011
:105BD0008238C1F40E94C92B81FD8AC089E30E94EA
:105BE000B9360E942A372FEF81EE94E02150804091
:105BF0009040E1F700C0000089E30E94C036CF91D9
:105C00000C942A378338A1F40E94C92B80FD70C000
:105C100083E50E94B9360E942A372FEF81EE94E087
:105C2000215080409040E1F700C0000083E5E5CFBF
:105C30008438A1F40E94C92B82FD5AC087E40E94D7
:105C4000B9360E942A372FEF81EE94E02150804030
:105C50009040E1F700C0000087E4CFCF8CEF8C0FBD
:105C6000813AB8F48C2F0E940A42811141C06C2FF6
:105C700080911F01909120010E94F838882329F01B
:105C80008C2F0E94C0360E942A378C2F0E94B93672
:105C9000B6CF80E28C0F883048F4C77081E001C035
:105CA000880FCA95EAF70E94E136A9CFEBE5EC0F21
:105CB000E33040F4F0E0E252FE4F808190E0CF917B
:105CC0000C944B2CE8E5EC0FE73150F4F0E0EE0FCC
:105CD000FF1FE055FE4F80819181CF910C94612C84
:105CE000C03F30F08C2F0E94783BCF910C94633CE6
:105CF000CF910895882309F452C0823871F40E942C
:105D0000C92B81FF4CC089E30E94B9360E942A3713
:105D100089E30E94C0360C942A37833859F40E94D4
:105D2000C92B80FF3CC083E50E94B9360E942A3708
:105D300083E5EFCF843859F40E94C92B82FF2FC02E
:105D400087E40E94B9360E942A3787E4E2CF9CEFAD
:105D5000980F913AF0F290E2980F983050F48770D3
:105D600091E001C0990F8A95EAF7892F0E94E736E2
:105D7000D2CF9BE5980F933020F490E080E00C9414
:105D80004B2C98E5980F973120F490E080E00C942C
:105D9000612C803F20F00E94E03B0C94633C08950E
:105DA000CF93C82F0E94E32DC93349F42FEF87EE1C
:105DB00093E0215080409040E1F700C000008C2F1C
:105DC000CF910C947A2E882321F00E94E1360C9416
:105DD0002A370895882321F00E94E7360C942A3749
:105DE0000895BF92CF92DF92EF92FF920F931F938D
:105DF000CF93DF936C01D62FC72FFC01058102954D
:105E00000F70128111110E94FE360E94D736E82EC3
:105E1000882391F01123D1F08C2F807F803421F0E2
:105E200080E28D0F883090F082E00E9475370E94EA
:105E3000D73691E0E82EE926BC2EB2949FE0B92235
:105E4000EB2DF0E0E25BF24B0C94F94BE12CF4CF3C
:105E50000C2F0F70C07F11F00295007F1123A9F065
:105E6000002359F080E28D0F883010F0D11109C065
:105E7000802F0E94E1360E942A378D2F0E94E32D49
:105E800014C0802F0E94F136F6CF8D2F0E947A2EFB
:105E9000002359F080E28D0F883010F0D1112CC012
:105EA000802F0E94E7360E942A372B2D2850330B73
:105EB0002430310520F40E94C92B0E944612EE20A6
:105EC00009F49EC10E94D33680FD9AC1F601128268
:105ED0000E94CD360E945935C6010E9421310E9490
:105EE000CD36DF91CF911F910F91FF90EF90DF9012
:105EF000CF90BF900C947A35802F0E94F736D3CF85
:105F0000FC2FFF70FF2EC07FC03219F0F29480EF9B
:105F1000F822DD2369F0D13049F1112391F10023FA
:105F200051F1F601858180FFA8CF8F70858323C052
:105F3000112381F0011106C00E9411378F290E94A0
:105F4000E32EB3CF0130C1F70E9411378F290E9491
:105F50001737ABCF011106C00E9420378F2D0E944A
:105F6000EA2EA3CF013009F4A0CFF6CF112329F0F8
:105F7000063008F09ACF8F2DE2CF053008F095CF8C
:105F8000EDCF002359F3D93349F4FFEF27EE33E087
:105F9000F15020403040E1F700C000008D2F0E94FA
:105FA0007A2E83CF8C2F86958695837069F0813009
:105FB00009F07BCF8D2F9C2F9370111102C090E0C0
:105FC00080E00E94612C71CF8D2F9C2F9370111156
:105FD00002C090E080E00E944B2C67CF8D2F1123F0
:105FE00029F00E94783B0E94633C5FCF0E94E03B17
:105FF000FACF8C2F837009F041C0111156CF4D2F6D
:10600000429546954770440F440F0D2F0F7010E0D6
:1060100030E020E0042E04C0000F111F221F331FA8
:106020000A94D2F760E070E0CB01D4FF0FC06FE0BC
:1060300070E080E090E004C0660F771F881F991F12
:106040004A95D2F76095709580959095C695C695BE
:10605000C370602B712B822B932BC23049F058F404
:10606000C13019F00E940B3520CF0E94F9341DCFAA
:106070000E941D351ACF0E94F73417CF8695112341
:1060800011F08C2F8170882309F40FCF4D2F42958A
:1060900046954770440F440F0D2F0F7010E030E00D
:1060A00020E0042E04C0000F111F221F331F0A948A
:1060B000D2F760E070E0CB01D4FF0FC06FE070E07A
:1060C00080E090E004C0660F771F881F991F4A95F3
:1060D000D2F76095709580959095C695C695C370DA
:1060E000602B712B822B932BC23049F058F4C130B6
:1060F00019F00E94D035D9CE0E94BE35D6CE0E946E
:10610000E235D3CE0E943335D0CECF70112329F0A3
:106110008C2F0E9459358D2F12CF8D2F0E94EA2E81
:106120008C2F0E947A35C1CED23F89F160F4D03FE6
:10613000C9F0D13F29F1112309F442C001119DCECC
:106140008C2F8F7121C0D33F39F1D43FA1F7112398
:1061500069F1CF718C2F0E94593563E08C2F0E941A
:106160006037A3CE112341F0053008F09ECE8C2F6E
:106170008F710E949D3599CE063008F096CEF7CFEC
:106180008C2F8F71112369F20E9459358ECE8C2F7E
:106190008F711123C9F3C5CF112329F08C2F8F7173
:1061A0000E94443582CE0E943F357FCE81E00E941E
:1061B0007537023008F479CE82E00E94753775CECB
:1061C000002359F0D93309F0E9CE8FEF97EEE3E0E1
:1061D00081509040E040E1F7DFCE8C2F8F71A1CF4E
:1061E0004C2F4F706D2FC6010E944E120E946F34CB
:1061F0005CCE4C2F4F706D2FC6010E94511255CEB0
:10620000DF91CF911F910F91FF90EF90DF90CF9092
:10621000BF9008950F931F93CF93DF93EC01688194
:1062200079818A810E9495368C010E94F4350E9402
:10623000F634B801CE01DF91CF911F910F910C94EC
:10624000F12ECF93DF93EC018B819C81892B29F078
:106250008881998189238F3F59F4DF91CF910895E7
:10626000CE010E940A31CE01DF91CF910C947710BC
:10627000CE010E94BF118111F3CF0E94D73688232F
:1062800061F38A81882349F382E0DF91CF910C94F6
:1062900075370E94FE360E940E370E942A370E94F0
:1062A0000C3E0E94633C90E080E00E944B2C90E00A
:1062B00080E00C94612C0E94C7360C9449310E94F6
:1062C000EE360C945B31E92FE295EF70E250EE3040
:1062D00070F4F0E0E25AF24B0C94F94B803F19F065
:1062E00020F4883E20F481E00895843FE1F380E0CB
:1062F0000895883EC0F3813FD1F7F5CF93FB8827FF
:1063000080F908950E948B360C946331CF93DF930C
:1063100000D000D00F92CDB7DEB70F900F900F9046
:106320000F900F90DF91CF910895CF93DF9300D01E
:1063300000D000D0CDB7DEB726960FB6F894DEBFFA
:106340000FBECDBFDF91CF9108951F93CF93DF9301
:10635000C091F70216E08091F8028C1304C0DF911F
:10636000CF911F910895D0E01C9FF0011D9FF00D6B
:106370001124E750FD4F40815181628173818481F6
:1063800095810E9495312196C770E5CF40912903F0
:1063900050912A0360912B0370912C0380912D035F
:1063A00090912E030C9495311F93CF93DF9380919E
:1063B0002E03807FA9F480912B03882389F080919C
:1063C000F702C091F8026091290370912A03A0910D
:1063D0002C03B0912D03D62FD72316E0C81304C089
:1063E000DF91CF911F91089590E0109711F0DF3F5A
:1063F00019F401968770F2CF189F9001199F300D04
:106400001124F901E750FD4F41814713F2CF40813C
:106410004613EFCF42814111ECCF438154814A1B97
:106420005B0B483C510528F780912E038F708061EB
:1064300080932E03F901E250FD4F80818F708061BF
:10644000808389E293E00E942131DF91CF911F91F7
:106450000C94A531AF92BF92CF92DF92EF92FF9250
:106460000F931F93CF93DF93CDB7DEB761970FB62E
:10647000F894DEBF0FBECDBF8C0185E0F801DE01D0
:106480001D9601900D928A95E1F7F80140815181A6
:10649000E28089E2C82E83E0D82E60912C037091AF
:1064A0002D036115710509F461C1909129032091B3
:1064B0002A03892F82238F3F09F458C1A380B48017
:1064C000F0902B03F501E61BF70BFF2009F4FCC04D
:1064D00080912E03382F307FE83CF10508F0B2C0E0
:1064E000311179C0FE2C251323C0941321C0E11073
:1064F0001FC08F70806180932E030E94C631C60139
:106500000E94213180912E03F80185838F2D6196A1
:106510000FB6F894DEBF0FBECDBFDF91CF911F91B4
:106520000F91FF90EF90DF90CF90BF90AF900895C4
:10653000AB2829F0842F85238F3F09F033C180E0F9
:10654000F82FF170DF2E80FF3CC08091F702209180
:10655000F80236E0821315C04D875E878D859E85D3
:106560000E948B36292F22952F702230F0F0243094
:1065700018F59F70F1F0F8019581907FD1F4D12C3E
:106580001EC090E0389FF001399FF00D1124E750B4
:10659000FD4F6181651306C06081641303C0628191
:1065A0006E110FC001968770D5CF9F7011F08823B0
:1065B00031F3805E883018F3C8010E942131FD2C30
:1065C000A5CFEE2009F4A2CF80912E0381608093A5
:1065D0002E03F12C9BCF251306C0941304C0F801A1
:1065E000EE2009F48DC04D875E878D859E850E94C3
:1065F0008231882319F1EE2009F180912E03803237
:1066000070F02091290330912A0338872F8319864F
:10661000BB86AA868C87CE0107960E94213186E030
:10662000F801A9E2B3E001900D928A95E1F70E948A
:10663000D4310E94C631FF24F39468CFC8010E9470
:106640002131F9CF311113C07A2DB98AA88A6E2D64
:1066500089890E94863189E293E00E94213186E097
:10666000F60111928A95E9F70E94C631B2CF25133F
:106670000FC094130DC0E1100BC0F8018583C80151
:106680000E94213186E0F60111928A95E9F73ECF0A
:106690004D875E878D859E850E948231882371F2A9
:1066A000EE2061F280912E03803208F4B8CF209161
:1066B000290330912A033A8329831B82BD82AC824D
:1066C0008E83CE010196A9CFE83CF10508F041C0C8
:1066D000FE2CEE2009F4B2CF25132AC0941328C053
:1066E00080912E0380FD1BC0982F907FC1F0F80190
:1066F0008583903F31F0982F907F905F8F70892B2A
:106700008583C8010E94213186E0F801A9E2B3E047
:1067100001900D928A95E1F70E94C631F7CE86E08E
:10672000F801A9E2B3E001900D928A95E1F7EECE6F
:106730004D875E878D859E850E94823181116FCF46
:1067400080912E03816080932E03C8010E94213125
:10675000DDCE7A2DB98AA88A6E2D89890E9486316C
:1067600086E0F60111928A95E9F7D6CFEE2009F47A
:1067700065CF4D875E878D859E850E948231F82E7C
:10678000882309F45BCF86E0F801A9E2B3E0019029
:106790000D928A95E1F789E293E00E94DE2D0E9436
:1067A000D431BACF81E08E25CBCE1F93CF93DF9328
:1067B000CDB7DEB72C970FB6F894DEBF0FBECDBFB6
:1067C0004F83588769877A878B879C87CE01079686
:1067D0000E942A32882369F08A859B85892B39F0AB
:1067E0004F815885842F85238F3F09F071C016E0B3
:1067F0005FC086E0FE013796DE01119601900D9292
:106800008A95E1F78A859B85892B89F388859F8105
:1068100089238F3F61F32091F80230E0C90101968E
:10682000877099274091F7024817190671F40E9462
:106830005F311092F8021092F70286E0E9E2F3E08D
:10684000DF011D928A95E9F7D2CF96E0929FD001A1
:10685000939FB00D1124A750BD4FFE0131960190BA
:106860000D929A95E1F78093F8020E94A531BFCF6F
:10687000819FC001112487509D4F0E942A32882396
:10688000E9F0E091F7021E9FF0011124E750FD4F5F
:106890004081518162817381848195810E9495310B
:1068A0008091F70290E00196877099278093F70214
:1068B0008091F7029091F8028913DACF2C960FB6E7
:1068C000F894DEBF0FBECDBFDF91CF911F91089529
:1068D00069857A858B859C850E94953188CFEF925A
:1068E000FF920F931F93CF93DF938C01892B81F03D
:1068F000F12CEE24E394E8012196F8018491843789
:1069000070F4843008F05FC08130B1F08230A1F1C2
:10691000DF91CF911F910F91FF90EF9008958537F0
:1069200009F44CC008F43DC09CE7980F903780F7FD
:106930008F770E947A2E49C00E5F1F4FFE0184910F
:1069400090E2980F983060F48770FE2D01C0FF0F21
:106950008A95EAF78F2F0E9401370E942A3702C0DA
:106960000E94E32D8F2D815030F2EFE9FFE0319747
:10697000F1F700C00000F7CF0E5F1F4FFE018491BA
:1069800090E2980F983050F48770FE2D01C0FF0FF1
:106990008A95EAF78F2F0E940737DFCF0E947A2E61
:1069A000E1CF0E5F1F4FFE01C491C150D8F28FE9B5
:1069B0009FE00197F1F700C00000F7CF0E5F1F4F77
:1069C000FE01F490CFCF0E94E32D8E01CBCF08952E
:1069D0000C94E7340E94E83460936F037093700363
:1069E00080937103909372030C94493108950C9431
:1069F000EA340F931F9300916F031091700320915D
:106A0000710330917203602B712B822B932B1F919A
:106A10000F910C94EA340F931F9300916F03109120
:106A200070032091710330917203602371238223DC
:106A300093231F910F910C94EA340F931F930091AD
:106A40006F031091700320917103309172036027DE
:106A50007127822793271F910F910C94EA340C948D
:106A6000E7340C942F350E94313560936B0370939B
:106A70006C0380936D0390936E030C94493160E036
:106A800070E0CB010C9433350F931F9341E050E03D
:106A900060E070E08A019B0104C0000F111F221FFB
:106AA000331F8A95D2F7C901B8011F910F910C9439
:106AB00033350F931F9341E050E060E070E004C075
:106AC000440F551F661F771F8A95D2F780916B037D
:106AD00090916C03A0916D03B0916E038A019B01AC
:106AE000082B192B2A2B3B2BC901B8011F910F91A1
:106AF0000C9433350F931F9341E050E060E070E059
:106B000004C0440F551F661F771F8A95D2F7CB012B
:106B1000BA01609570958095909500916B031091E6
:106B20006C0320916D0330916E03602371238223E7
:106B300093231F910F910C9433350F931F9341E0D2
:106B400050E060E070E004C0440F551F661F771FDF
:106B50008A95D2F780916B0390916C03A0916D039D
:106B6000B0916E038A019B01082719272A273B272A
:106B7000C901B8011F910F910C9433350F931F93E6
:106B800000916B0310916C0320916D0330916E03A3
:106B9000602B712B822B932B1F910F910C9433350B
:106BA0000F931F9300916B0310916C0320916D0361
:106BB00030916E0360237123822393231F910F91E1
:106BC0000C9433350F931F9300916B0310916C035A
:106BD00020916D0330916E036027712782279327E0
:106BE0001F910F910C943335089523E1929F800DEE
:106BF0001124982F977041E001C0440F9A95EAF74D
:106C000086958695869595E0899FF0011124E15D32
:106C1000FC4F90E080E070E05191DF0111979B0103
:106C2000082E02C0369527950A94E2F72170219527
:106C30002527242325272C9301968530910561F77C
:106C4000089523E1929F800D1124982F97708695C7
:106C50008695869525E0829FF0011124E15DFC4F29
:106C600050E040E080E0219130E0092E02C03695EE
:106C700027950A94E2F721703327042E01C0220FD2
:106C80000A94EAF7822B4F5F5F4F4530510559F761
:106C90000895BF92CF92DF92EF92FF920F931F93CE
:106CA000CF93DF938C01C0906B03D0906C03E09086
:106CB0006D03F0906E0380916F0390917003A0912B
:106CC0007103B0917203C82AD92AEA2AFB2ACFE1BC
:106CD000D0E0BC2ED701C6010C2E04C0B695A795F6
:106CE000979587950A94D2F780FD0EC0219788F773
:106CF000B12C8B2DDF91CF911F910F91FF90EF90D1
:106D0000DF90CF90BF900895B8018C2F0E945A1247
:106D1000019761F3EECFCF93DF93EC010E944936E8
:106D2000BE01DF91CF910C945A121F93CF93DF9342
:106D3000EB019091F602992331F0CB01DF91CF91D5
:106D40001F910C948B36882379F0CB010E94493631
:106D5000182F682FCE010E94F535BE01812FDF91DB
:106D6000CF911F910C945A12CB010E942136182FFB
:106D7000F4CF682F80911F01909120010C949A39D3
:106D8000682F80911F01909120010C94A53980916A
:106D90001F01909120010C94B03980917303859567
:106DA00085958595089580917303877008959091D6
:106DB0007303977081E009F480E008958091970350
:106DC000089590919703892B809397030895809558
:106DD00090919703982390939703089510929703A7
:106DE000089590919603892B80939603089580953A
:106DF000909196039823909396030895109296038A
:106E0000089590919503892B80939503089580951B
:106E1000909195039823909395030895109295036C
:106E2000089580917403089508950C9414379091F7
:106E30007403981721F0809374030C941537089508
:106E400080917403882329F01092740380E00C94DD
:106E500015370895E0911F01F0912001809197036B
:106E60008083E0911F01F091200180819091960331
:106E7000892B8083E0911F01F09120018081909106
:106E80009503892B808390917403992381F0E0917D
:106E90001F01F09120018081892B808380911F0147
:106EA000909120010E94E43881110E942037809146
:106EB0001F01909120010C94E22B08950C945D37F2
:106EC00098E0899F90011124622B609373030E94C4
:106ED0005935809173038595859585950C945E371A
:106EE0001092730380E00C945E3790917303809549
:106EF000892380937303282F277071F4282F082E7D
:106F0000000C330B9217130639F0859585958595FE
:106F10000E947A350C947037089590930102809303
:106F200000020895CF92DF92EF92FF926C01EE245F
:106F3000FF2420E0C114D104E104F10419F0C701D9
:106F4000B60120E1C72ED82EE92EFF24C114D104AA
:106F5000E104F10419F0285FC701B6016B017C015F
:106F600054E0F694E794D794C7945A95D1F7C11496
:106F7000D104E104F10419F02C5FC701B6016B01E3
:106F80007C0142E0F694E794D794C7944A95D1F7F0
:106F9000C114D104E104F10419F02E5FC701B60158
:106FA0009695879577956795672B682B692B09F0E0
:106FB0002F5F822FFF90EF90DF90CF900895829502
:106FC00090E09C01220F331F220F331F2C7C9595DC
:106FD0008795959587958373282B30E0C901880F95
:106FE000991F8A7A359527952575822B0895CF9319
:106FF000DF93D92F0E94DF37C82F8D2F0E94DF37F4
:107000009C2FDF91CF910895CF92DF92EF92FF9264
:107010000F931F93CF93DF937C01CB010E94F7372F
:10702000EC01C7010E94F7378C01BE0190E080E0BF
:10703000CB017727662730E020E0602B712B822B75
:10704000932BDF91CF911F910F91FF90EF90DF90E5
:10705000CF9008956FEF7FEF90E080E00C94E94CC3
:1070600090E080E00E94C54C21E08C3E9E4F09F0EC
:1070700020E0822F089582E090E00C94B74C83E0EA
:1070800090E00C94B74CCF9384E090E00E94B74C12
:10709000C82F81E290E00E94B74C982F8C2FCF919F
:1070A0000895CF93C92F682F84E090E00E94CB4CC5
:1070B0006C2F81E290E0CF910C94CB4C86E090E075
:1070C0000C94B74C682F86E090E00C94CB4CAB014D
:1070D000BC018FE090E00C94DD4CAB01BC0183E17E
:1070E00090E00C94DD4C60E070E0CB010C946D38C6
:1070F00060E070E0CB010E9467380C9473386CEE4E
:107100007EEF90E080E00E94E94C60E082E090E059
:107110000E94CB4C60E083E090E00E94CB4C109248
:107120006F0310927003109271031092720360E06B
:1071300084E090E00E94CB4C60E081E290E00E940D
:10714000CB4C60E085E090E00E94CB4C60E086E0B4
:1071500090E00E94CB4C6FEF87E090E00E94CB4C18
:1071600040E050E0BA0188E090E00E94DD4C60E031
:107170008DE090E00E94CB4C40E050E0BA0188E105
:1071800090E00E94DD4C60E087E190E00E94CB4CF3
:1071900040E050E0BA018CE190E00E94DD4C60E0FC
:1071A00080E290E00E94CB4C40E050E0BA0188E1E0
:1071B00090E00E94DD4C0C9478380C947F38682F56
:1071C0008EE090E00C94CB4CFC0132968091330120
:1071D000882321F0809160069EE187FF96E080E0A1
:1071E000915008F4089521912223D1F38F5FF8CFB5
:1071F000662301F1209133012223F1F020916006F2
:1072000027FF1AC0462F4695469546954E3190F475
:10721000677021E030E002C0220F331F6A95E2F769
:10722000840F911DFC01828190E02823392381E0A5
:10723000232B69F480E00895FC0132960896219191
:10724000261721F0E817F907D1F7F4CF81E0089568
:107250009C01FC0132969FEF80E04191461751F06E
:107260009F3F19F4411101C0982F8F5F8630A9F715
:107270009F3F09F40895290F311D97FD3A95F901B3
:1072800062830895FC01329608962191261303C06B
:10729000DF0111971C92E817F907B9F70895E62F57
:1072A000E695E695E695EE3170F4E80FF92FF11DBD
:1072B000677021E030E001C0220F6A95EAF7828111
:1072C000822B828308958091980380FF0CC01F92C7
:1072D0006F9381E992E19F938F930E94CE0F0F905D
:1072E0000F900F900F900895E62FE695E695E6959E
:1072F000EE3178F4E80FF92FF11D677021E030E0EE
:1073000001C0220F6A95EAF7209582812823228303
:1073100008958091980380FF0CC01F926F9383E7BC
:1073200092E19F938F930E94CE0F0F900F900F903A
:107330000F90089520913301222329F020916006B7
:1073400027FD0C944F390C942839209133012223C6
:1073500029F02091600627FD0C9474390C94423971
:10736000FC01329680913301882351F080916006B0
:1073700087FF06C08EE1DF011D928A95E9F7089527
:1073800086E0F9CF089508950C94C3390E94C4395A
:1073900080916606843061F11092990388E190E053
:1073A00020E40FB6F894A895809360000FBE209358
:1073B000600080E00E942E2180E00E9446120E9420
:1073C000C43983B7817F846083BF83B7816083BF03
:1073D0007894889583B78E7F83BF0FB6F894A8956D
:1073E00080916000886180936000109260000FBE01
:1073F00008950895CF930E94C2390E94F1140E940B
:10740000F939C0E08C2F0E944F14672B682B692B31
:1074100031F4CF5FC530B1F780E0CF91089581E0BE
:10742000FCCF08950C94113A0E945F310E94901F86
:107430000E94C92B0E9446120C94123A1F921FB64A
:107440001F9211248F939F93AF93BF9380919903C1
:10745000811113C080915C0690915D06A0915E063B
:10746000B0915F064196A11DB11D80935C0690937B
:107470005D06A0935E06B0935F06BF91AF919F91AA
:107480008F911F901FBE1F90189582E084BD93E0DE
:1074900095BD9AEF97BD80936E0008952FB7F8942D
:1074A00080915C0690915D06A0915E06B0915F06AA
:1074B0002FBF08952FB7F89460915C0670915D0618
:1074C00080915E0690915F062FBF08959C014FB793
:1074D000F89480915C0690915D06A0915E06B09153
:1074E0005F064FBF821B930B089578941F921FB6BF
:1074F0001F9211248F939F93AF93BF9380915C064B
:1075000090915D06A0915E06B0915F060196A11D67
:10751000B11D80935C0690935D06A0935E06B093C8
:107520005F06BF91AF919F918F911F901FBE1F90DB
:10753000189581E08093E00080E28093D80010925B
:10754000C9008FE19EE40197F1F700C0000087E0D9
:1075500090EBDC0180936F0690937006A093710608
:10756000B093720688E19CE00FB6F894A8958093DA
:1075700060000FBE90936000FFCF0C9454220E94D5
:10758000F1148FE39CE90197F1F700C000000E941D
:10759000F11480E00E944F1460FF04C00E94BD3AC5
:1075A0000C94993A08950E943038811102C00E94CB
:1075B000DD380E943B38809398030E9443389093B3
:1075C0006106809360060E943F38682F70E090E06B
:1075D00080E00E94F73460916B0370916C0380919E
:1075E0006D0390916E030C9431358091A00380FF60
:1075F00012C06091260185E0689FB0011124759545
:1076000067957595679560387105A8F561157105E1
:10761000A1F1862F089581FF09C06091260185E0C0
:10762000689FB001112475956795EDCF6091260193
:1076300082FD0AC080919F038823D1F0909125019B
:1076400060912601891728F085E0689FB001112418
:10765000DACF869FB001112485E0869F9001879F35
:10766000300D1124692F70E0C9010E94C34BCBCFAC
:1076700065E070E0CECF8FE7089581E008958091B6
:10768000A00380FF0CC06091220170E075956795A2
:10769000759567956115710549F1862F089581FFEC
:1076A00006C06091220170E075956795F3CF6091F7
:1076B000220182FD0BC090919E039923A1F060915D
:1076C000210180912201961738F0682F70E0603810
:1076D000710500F38FE70895899FC001112470E0C0
:1076E0000E94C34BF4CF61E070E0D7CF81E00895F2
:1076F000803F31F40E94F53A81958093A403089568
:10770000813F19F40E94F53AF8CF823F31F40E948C
:10771000F53A81958093A3030895833F19F40E945D
:10772000F53AF8CF893F29F40E943F3B8093A503A7
:1077300008958A3F21F40E943F3B8195F7CF8B3F0C
:1077400031F40E943F3B81958093A60308958C3FBE
:1077500019F40E943F3BF8CF843F31F48091A2039B
:1077600081608093A2030895853F21F48091A20354
:107770008260F7CF863F21F48091A2038460F1CF2D
:10778000873F21F48091A2038860EBCF883F21F4EA
:107790008091A2038061E5CF8D3F31F48091A003F9
:1077A00081608093A00308958E3F21F48091A0030F
:1077B0008260F7CF8F3FB9F78091A0038460F1CF4B
:1077C0009091A303803F59F48091A40387FF0DC0DB
:1077D0001092A40391110BC010929F0308C0813F27
:1077E00081F48091A40318169CF3992381F0809171
:1077F000A5039091A603892B09F064C010929E0303
:107800000895823F49F497FFF0CF1092A30380912F
:10781000A4038111ECCFE0CF833F19F41916ACF328
:10782000E4CF2091A503893F29F41216F4F61092B3
:10783000A503DBCF8A3F19F427FFD7CFF8CF2091DC
:10784000A6038B3F29F427FFD0CF1092A603CDCFFC
:107850008C3F19F41216CCF3C8CF843F31F48091D9
:10786000A2038E7F8093A203C0CF853F21F4809135
:10787000A2038D7FF7CF863F21F48091A2038B7FF7
:10788000F1CF873F21F48091A203877FEBCF883F20
:1078900021F48091A2038F7EE5CF8D3F31F480915A
:1078A000A0038E7F8093A003A0CF8E3F21F4809110
:1078B000A0038D7FF7CF8F3F09F097CF8091A00372
:1078C0008B7FF0CF08958091980383FF7EC086ED73
:1078D00092E10E94350F8091A2031F928F9381ED58
:1078E00092E19F938F930E94CE0F8FEC92E10E94C2
:1078F000350F8091A303282F082E000C330B3F93E4
:107900008F938CEC92E19F938F930E94CE0F8AEC21
:1079100092E10E94350F8091A403282F082E000CBD
:10792000330B3F938F9387EC92E19F938F930E9449
:10793000CE0F85EC92E10E94350F8091A503282F90
:10794000082E000C330B3F938F9382EC92E19F93B0
:107950008F930E94CE0F80EC92E10E94350F8091B0
:10796000A603282F082E000C330B3F938F938DEB2B
:1079700092E19F938F930E94CE0F8AEB92E10E9437
:10798000350F80919F031F928F9387EB92E19F9316
:107990008F930E94CE0F85EB92E10E94350F80916C
:1079A000A0031F928F9382EB92E19F938F930E948B
:1079B000CE0F8FEA92E10E94350F8DB79EB74C969D
:1079C0000FB6F8949EBF0FBE8DBF0E944E3A9C0129
:1079D0009091A3038091A403982B21F030939D03F1
:1079E00020939C039091A5038091A603982B21F0EE
:1079F00030939B0320939A0381EA93E00C943D2CEF
:107A0000EF92FF920F931F93CF93DF9300D000D09C
:107A100000D0CDB7DEB786E0E1EAF3E0DE011196F3
:107A200001900D928A95E1F7E090A303F090A403F2
:107A30000091A5031091A6031092A3031092A40332
:107A40001092A5031092A6038E2D8F2991F080919C
:107A50009C0390919D030E94663AAC0190919F0314
:107A6000992309F43FC0809127018417150608F473
:107A700047C0802F812B91F080919A0390919B03B6
:107A80000E94663AAC0190919E03992309F477C055
:107A9000809123018417150608F47FC08091A30309
:107AA0009091A403892B9091A503892B9091A60313
:107AB000892B11F00E94633C86E0FE013196A1EA19
:107AC000B3E001900D928A95E1F726960FB6F894EF
:107AD000DEBF0FBECDBFDF91CF911F910F91FF9001
:107AE000EF900895209128018AE0289F90011124A9
:107AF0002417350708F0BDCF9F5F90939F0302C006
:107B00009F3FD1F7EE2059F00E94F53A9FEF1E14E7
:107B10000CF491E0899F802D11248093A303FF2012
:107B200059F00E94F53A9FEF1F140CF491E0899FE1
:107B3000802D11248093A4033091A303332309F4EF
:107B400098CF2091A403222309F493CF45EB34036B
:107B5000C0011124992359F09093A30345EB24030A
:107B600090011124332339F03093A40382CF81E0B4
:107B70008093A303F3CF81E08093A4037ACF209175
:107B800024018AE0289F900111242417350708F06A
:107B900085CF9F5F90939E0302C09F3FD1F7002344
:107BA00059F00E943F3B9FEF10160CF491E0899F23
:107BB000802D11248093A503112359F00E943F3B8F
:107BC0009FEF11160CF491E0899F802D1124809372
:107BD000A6033091A503332309F460CF2091A603B7
:107BE000222309F45BCF45EB3403C0011124992310
:107BF00059F09093A50345EB2403900111243323FE
:107C000039F03093A6034ACF81E08093A503F3CFE8
:107C100081E08093A60342CF86E0E1EAF3E0DF0152
:107C20001D928A95E9F710929F0310929E0310927D
:107C3000A003089589EF94E10E94350F1F9281E01F
:107C40008F931F9285E08F938BEA94E19F938F939C
:107C50000E94CE0F0F900F900F900F900F900F90EB
:107C60000895833009F445C028F4813061F08230F2
:107C700049F10895853009F46AC008F451C086308E
:107C800009F47CC0089580912801482F460F55279C
:107C9000551F4F3F510594F4680F60932801809160
:107CA00028011F928F9384EE93E19F938F930E94FC
:107CB000CE0F0F900F900F900F9008958FEF80933D
:107CC0002801EDCF80912701482F460F5527551FDA
:107CD0004F3F510554F4680F6093270180912701AD
:107CE0001F928F9382ED93E1E0CF8FEF8093270176
:107CF000F5CF80912601482F460F5527551F4F3F3E
:107D0000510554F4680F60932601809126011F925B
:107D10008F938FEB93E1C9CF8FEF80932601F5CF3F
:107D200080912501482F460F5527551F4F3F51057C
:107D300054F4680F60932501809125011F928F9361
:107D40008AEA93E1B2CF8FEF80932501F5CF80913E
:107D50002201482F460F5527551F4F3F510554F418
:107D6000680F60932201809122011F928F9381E915
:107D700093E19BCF8FEF80932201F5CF809121017A
:107D8000482F460F5527551F4F3F510554F4680F94
:107D900060932101809121011F928F9386E793E1E7
:107DA00084CF8FEF80932101F5CF8330C9F128F480
:107DB000813061F0823019F10895853009F452C0A4
:107DC00008F43FC0863009F45EC008958091280110
:107DD000681790F4861B80932801809128011F92D8
:107DE0008F9387E693E19F938F930E94CE0F0F901E
:107DF0000F900F900F90089510922801EECF809170
:107E00002701681750F4861B809327018091270172
:107E10001F928F9385E593E1E6CF10922701F6CF6D
:107E200080912601681750F4861B8093260180916B
:107E300026011F928F9382E493E1D5CF1092260101
:107E4000F6CF80912501681750F4861B8093250199
:107E5000809125011F928F938DE293E1C4CF109200
:107E60002501F6CF80912201681750F4861B80937C
:107E70002201809122011F928F9384E193E1B3CF7D
:107E800010922201F6CF80912101681750F4861BD1
:107E900080932101809121011F928F9389EF92E1BC
:107EA000A2CF10922101F6CFCF93C82F1F928F93AC
:107EB0008EEF95E19F938F930E94CE0F61E070E06B
:107EC00080E090E004C0660F771F881F991FCA9555
:107ED000D2F70E94F7340F900F900F900F90CF9130
:107EE0000C945F31CF93DF93EBEFE80FEF3308F0A3
:107EF0007CC2F0E0E459F24B0C94F94B87E89BE12B
:107F00000E94350F83EC9AE10E94350F0E943F38A2
:107F10001F928F9380EC9AE19F938F930E94CE0FD4
:107F20008EEB9AE10E94350F0E943B38C82F8BEAF6
:107F30009AE10E94350F1F92CF9386EA9AE19F93B0
:107F40008F930E94CE0F84EA9AE10E94350F8AE94E
:107F50009AE10E94350F8C2F81701F928F9387E9D1
:107F60009AE19F938F930E94CE0F85E99AE10E9438
:107F7000350F8BE89AE10E94350FC1FB882780F905
:107F80001F928F9388E89AE19F938F930E94CE0F60
:107F900086E89AE10E94350F8AE79AE10E94350F40
:107FA000C2FB882780F91F928F9387E79AE19F93FE
:107FB0008F930E94CE0F85E79AE10E94350F8CE6E1
:107FC0009AE10E94350FC3FBCC27C0F91F92CF93D3
:107FD00089E69AE19F938F930E94CE0F87E69AE1FC
:107FE0000E94350F0E944338EC0183E59AE10E941C
:107FF000350FDF93CF938EE49AE19F938F930E9486
:10800000CE0F8CE49AE10E94350F83E39AE10E943F
:10801000350F8C2F81701F928F9380E39AE19F938D
:108020008F930E94CE0F8DB79EB780960FB6F894AF
:108030009EBF0FBE8DBF8EE29AE10E94350F87E191
:108040009AE10E94350FC1FB882780F91F928F9318
:1080500084E19AE19F938F930E94CE0F82E19AE18F
:108060000E94350F80E09AE10E94350F8D2F8170BC
:108070001F928F938DEF99E19F938F930E94CE0F64
:108080008BEF99E10E94350F89EE99E10E94350F3F
:10809000D695D1701F92DF9386EE99E19F938F93CF
:1080A0000E94CE0F84EE99E10E94350F82ED99E196
:1080B0000E94350FC2FB882780F91F928F938FECA7
:1080C00099E19F938F930E94CE0F8DEC99E10E94CE
:1080D000350F8BEB99E10E94350FC3FB882780F9A0
:1080E0001F928F9388EB99E19F938F930E94CE0FFD
:1080F00086EB99E10E94350F8CEA99E10E94350FD9
:10810000C4FB882780F91F928F9389EA99E19F9396
:108110008F930E94CE0F87EA99E10E94350F85E97F
:1081200099E10E94350FC5FB882780F91F928F9334
:1081300082E999E19F938F930E94CE0F80E999E1A4
:108140000E94350F84E799E10E94350FC6FB88270E
:1081500080F91F928F9381E799E19F938F930E94FB
:10816000CE0F8DB79EB780960FB6F8949EBF0FBE08
:108170008DBF8FE699E10E94350F87E699E10E9455
:10818000350FC7FBCC27C0F91F92CF9384E699E146
:108190009F938F930E94CE0F82E699E10E94350F44
:1081A0000E945E38C82F8BE499E10E94350F1F9220
:1081B000CF9386E499E19F938F930E94CE0F84E43E
:1081C00099E10E94350F8AE399E10E94350F8C2FC7
:1081D00081701F928F9387E399E19F938F930E9401
:1081E000CE0F85E399E10E94350F8CE299E10E9460
:1081F000350FC695C695C6951F92CF9389E299E132
:108200009F938F930E94CE0F87E299E10E94350FD2
:108210008DB79EB740960FB6F8949EBF0FBE8DBF28
:1082200081E01CC086E79BE10E94350F0E94DD388B
:10823000F7CF85E797E10E94350FF2CF8091980341
:10824000807F809398038EE497E10E94350F82E748
:108250009BE10E94350F81E08093A803DF91CF91CD
:10826000089586E59BE10E94350F0E94B011D8CF9A
:1082700090919803892F8E7F90FF8160809398035F
:1082800080FF03C08AE49BE1D6CF8DE39BE10E948F
:10829000350F80919803817F80939803C1CF90918F
:1082A0009803892F8D7F91FF82608093980381FFCF
:1082B00008C080E39BE10E94350F809198038160A4
:1082C000EBCF82E29BE1B7CF90919803892F8B7F10
:1082D00092FF84608093980382FF03C083E19BE157
:1082E000EACF83E09BE1A7CF90919803892F877F06
:1082F00093FF88608093980383FF03C087EF9AE120
:10830000DACF8AEE9AE197CF8FE397E10E94350F9B
:1083100082E097E10E94350F8BEE96E10E94350FC7
:1083200080EB96E10E94350F84E896E184CF86E7E2
:1083300096E10E94350F0E94C92B1F928F938CE506
:1083400096E19F938F930E94CE0F809133011F92ED
:108350008F9385E496E19F938F930E94CE0F809137
:10836000CD031F928F9382E396E19F938F930E9498
:10837000CE0F8091600687FB882780F91F928F932C
:108380008AE196E19F938F930E94CE0F0E945A3A02
:108390009F938F937F936F9383E096E19F938F9347
:1083A0000E94CE0F8DB79EB746960FB6F8949EBF2B
:1083B0000FBE8DBF35CF0E945F3190916006892F2F
:1083C00097FB87F980588093600687FF03C080EE93
:1083D0009AE131CF85ED9AE12ECF80E00E94543FA3
:1083E0001FCF8953FBCF8D51F9CF83ED9AE10E94C6
:1083F000350F80E033CF80E008950C94FB418E511F
:108400008A3030F4E82FF0E0EF51FE4F808108957C
:1084100080E00895CF93C82F8091A8038130C1F0E8
:10842000882339F0823009F447C01092A80380E015
:108430000DC00E94DE368232D1F78C2F0E94FB41A4
:1084400081111BC08C2F0E94723F8170CF910895C3
:108450000E94DE36823289F38C2F0E94FD41811109
:108460001BC0C431D9F060F4CB3071F0C031D1F011
:1084700084EF95E10E94350F13C081E090E0E5CFD5
:10848000C93261F0C833A1F78EE497E10E94350F3D
:108490008AEF95E10E94350F81E0D7CF1092A803B3
:1084A00080E0D3CF0E941A3E86EF95E10E94350FFF
:1084B00082E08093A803F0CFC432C8F4CE3108F034
:1084C000BEC0CB30E1F040F4C73009F4CCC088E93D
:1084D00094E10E94350F26C0C331C1F1C431B9F710
:1084E0008091A703882351F11092A7030AC0CB34CF
:1084F00009F4B7C0C8F4C93299F3C83341F70E94F0
:108500001A3E8091A703882309F4C4C01F928F9359
:1085100082E994E19F938F930E94CE0F0F900F906A
:108520000F900F9081E092CFC13509F494C0C2350D
:1085300009F48BC0CE3459F66AE08EC087EA94E124
:108540000E94350F81E08093A80380CF81E894E1F9
:108550000E94350F8FE694E10E94350F809128012B
:108560001F928F938CE694E19F938F930E94CE0F7E
:108570008AE694E10E94350F88E594E10E94350F68
:10858000809127011F928F9385E594E19F938F93AC
:108590000E94CE0F83E594E10E94350F84E494E1BC
:1085A0000E94350F809126011F928F9381E494E100
:1085B0009F938F930E94CE0F8FE394E10E94350F1B
:1085C0008EE294E10E94350F809125011F928F93D6
:1085D0008BE294E19F938F930E94CE0F89E294E106
:1085E0000E94350F84E194E10E94350F80912201B1
:1085F0001F928F9381E194E19F938F930E94CE0FFE
:108600008FE094E10E94350F88EF93E10E94350FCF
:10861000809121011F928F9385EF93E19F938F9318
:108620000E94CE0F83EF93E10E94350F8DB79EB766
:1086300048960FB6F8949EBF0FBE8DBF62CF8C2FA9
:108640000E94FF418093A7035CCF61E08091A70364
:108650000E94313E56CF61E08091A7030E94D53E33
:1086600050CF6AE0F3CF8EE18093280182E38093BC
:1086700027018AE08093260184E18093250188E028
:108680008093220188E2809321018AE994E10E948B
:10869000350F37CF8FE894E11CCF8091CC0308953C
:1086A0009FB7F8941092AB039FBF909166069430E9
:1086B00009F048C02091E9002F703091EC00932F11
:1086C000917030FD90E8922B25E02093E9002091F5
:1086D000EB0020FF34C02091EE0027FF30C0209136
:1086E000A903222321F02091E80025FF28C0109241
:1086F000A90326E03091E80035FF14C08093F10013
:108700008091E80085FD27C08091E80080FFFCCFC4
:108710008091E8008E778093E8009F709093E90045
:1087200080E0089530916606343049F43091EB00D2
:1087300035FD05C0215041F481E08093A9039F706D
:108740009093E9008FEF0895EFE9FFE03197F1F79B
:1087500000C00000CFCF8FB7F89421E02093AB0387
:108760008FBFDBCFCF93DF9300D00F92CDB7DEB7B3
:1087700090916606943011F589837B836A83909388
:10878000E9008FEF9091E800815095FD06C095EDCE
:108790009A95F1F700008111F5CF8091E80085FFEF
:1087A0000DC050E040E063E070E0CE0101960E9411
:1087B0009D468091E8008E778093E8000F900F909F
:1087C0000F90DF91CF910895BC0184E00C94B243E7
:1087D000BC0183E00C94B2439C0184E08093E900E7
:1087E0009FEF8091E800915085FD06C085ED8A9548
:1087F000F1F700009111F5CF8091E80085FF0CC0E2
:1088000050E040E066E070E0C9010E949D46809122
:10881000E8008E778093E8000895CF93DF93EC0112
:10882000809133018823B1F18091600687FF32C0C7
:1088300060E284E08093E9008FEF9091E80081503E
:1088400095FD06C095ED9A95F1F700008111F5CFE1
:108850008091E80085FF1BC08091330170E050E0FB
:1088600040E0811104C050E040E068E070E0CE01DB
:108870000E949D468091E8008E778093E80080E218
:10888000FE01ACEAB3E001900D928A95E1F7DF9129
:10889000CF91089568E081E0CDCFCF93FC016032A5
:1088A00021F580916606843001F5C091E900CF7012
:1088B0002091EC00922F917020FD90E8C92B82E06E
:1088C0008093E9008091E80080FF0CC050E040E018
:1088D00060E270E0CF010E949D468091E8008E77B3
:1088E0008093E800CF70C093E900CF91089587EBA3
:1088F0009BE10E94350F80916506811109C00E949D
:108900007A480E94DC488091E20084608093E20013
:10891000089583EB9BE10E94350F10926506089540
:108920008FEA9BE10C94350F8BEA9BE10C94350F99
:1089300087EA9BE10E94350F0C94143A2091AA0318
:108940002F5F822F62E30E94954B992319F02093A9
:10895000AA0308951092AA038091AB038823F1F033
:10896000809166068430C1F49091E9009F70209157
:10897000EC00822F817020FD80E8892B95E0909398
:10898000E9009091EB0090FF04C09091EE0097FDFC
:1089900008C08F708093E9001092AB030895109285
:1089A000F1009091E80095FDFACF9091E80090FFDA
:1089B000F0CF9091E8009E779093E800EACF42E0F4
:1089C00061EC81E00E94F64742E261EC84E00E94A3
:1089D000F64742E261EC82E00E94F64742E260EC38
:1089E00083E00E94F64742E261EC85E00C94F64792
:1089F00080916806833009F461C030F48130D1F190
:108A0000823009F49DC008958A3009F489C08B3002
:108A100009F46FC0893009F050C080916706813237
:108A200009F04BC080916B0690916C06009719F08D
:108A3000029709F042C08091E800877F8093E800A8
:108A40008091E80082FF35C08091F2009091F300A0
:108A5000029729F48091F1008B7F813021F480917D
:108A6000F1008093CC038091E8008B778093E8003D
:108A70000C942A4880916706813AF9F48091E800C5
:108A8000877F8093E80080916B0690916C06892B1C
:108A900061F460E28CEA93E070E00E943B478091D1
:108AA000E8008B778093E800089560E090E080E034
:108AB000F3CF809166068111C3CF08958091670638
:108AC000813AD9F780916B0690916C06892BA9F7B2
:108AD0008091E800877F8093E8008091E80080FF24
:108AE000FCCF809133018093F1008091E8008E7774
:108AF000BDCF80916706813201F780916B0690911E
:108B00006C06892BD1F68091E800877F8093E8007E
:108B10000E942A4880916906809333010C945F314A
:108B200080916706813249F68091E800877F8093C3
:108B3000E8000E942A4880916A068093CD03089538
:108B400080916706813A09F0B8CF8091E800877F6D
:108B50008093E8008091E80080FFFCCF8091CD03F6
:108B6000C2CFCDB7DEB7A0970FB6F894DEBF0FBE69
:108B7000CDBF84B7877F84BF0FB6F894A895809146
:108B80006000886180936000109260000FBE80E8F2
:108B900090E00FB6F89480936100909361000FBE4F
:108BA0000E94832C0E947A480E94DC488091E20057
:108BB00084608093E20080E593E40E948D3778948E
:108BC0000E946A4B0E948F2C89E291E00E94C42B84
:108BD00086E99BE10E94350F13E08091660685309F
:108BE00059F00E94C82C809166068430B1F00E9432
:108BF0008D2C0E948E2CF1CF82E99BE10E94350FD3
:108C00000E94C63980916406882339F30E94FA399C
:108C1000882319F30E948746E0CF1093E9008091E2
:108C2000E80082FFE4CF8091E80090E085FF09C072
:108C300050E040E060E270E0CE0101960E94EC4618
:108C400091E08091E8008B778093E800992379F296
:108C500060E2CE0101960E944123C9CF0C943046B8
:108C6000292F33272330310521F168F421303105D4
:108C700009F443C02230310509F444C090E080E09B
:108C800030E020E026C02132310551F12232310599
:108C9000A9F76430710590F7FB01EE0FFF1FE1515A
:108CA000FE4F2081318165517E4FFB01808190E034
:108CB00010C099278130910581F0009729F0029723
:108CC000E9F6EBEBFBE102C0EBEEFBE1849190E017
:108CD0009F01FA01318320830895E9ECFBE1F6CF8F
:108CE0006430710558F6660F771FFB01E950FE4F9F
:108CF0002081318189E090E0ECCF82E190E02AE6AA
:108D00003CE1E7CF8BE790E02FEE3BE1E2CF84E15F
:108D100089BD86E189BD09B400FEFDCF8091D800F0
:108D20008F7D8093D8008091E00082608093E00086
:108D30008091E00081FDFCCF0895AF92BF92CF9269
:108D4000DF92FF920F931F93CF93DF936C01EB01A0
:108D50008A010E944948F82E811123C0011511058E
:108D600039F0F80180819181C81BD90BC80ED91E3A
:108D7000B12CA12C2097A9F08091E80085FD22C09C
:108D80008091E8008E778093E80001151105A1F02D
:108D9000F80180819181A80EB91EB182A08285E080
:108DA000F82E8F2DDF91CF911F910F91FF90DF90C3
:108DB000CF90BF90AF9008950E9449488823D1F288
:108DC000F82EEFCFF60181916F018093F10021978A
:108DD000FFEFAF1ABF0ACECFAF92BF92CF92DF9212
:108DE000FF920F931F93CF93DF936C01EB018A01E6
:108DF0000E944948F82E811123C00115110539F050
:108E0000F80180819181C81BD90BC80ED91EB12CE5
:108E1000A12C2097A9F08091E80085FD22C08091C7
:108E2000E8008B778093E80001151105A1F0F801A7
:108E300080819181A80EB91EB182A08285E0F82EB2
:108E40008F2DDF91CF911F910F91FF90DF90CF90E9
:108E5000BF90AF9008950E9449488823D1F2F82E20
:108E6000EFCF8091F100F60181936F012197FFEF21
:108E7000AF1ABF0ACECFFC0180916D0690916E06AD
:108E800086179707A0F06115710529F49091E80005
:108E90009E779093E80090E06115710551F491116F
:108EA00008C08091E80082FF33C080E00895BC01D3
:108EB000F2CF809166068823B9F18530B9F18091AF
:108EC000E80083FD2FC08091E80082FDEACF809109
:108ED000E80080FFE1CF2091F2003091F3006115AE
:108EE000710519F02830310558F091E0283031052E
:108EF00009F090E02091E8002E772093E800CCCF95
:108F000081918093F100615071092F5F3F4FE7CF4E
:108F100080916606882341F0853041F08091E80019
:108F200083FFBFCF81E0089582E0089583E0089534
:108F3000FC0180916D0690916E0686179707A0F050
:108F40006115710529F48091E8008E778093E8001F
:108F500090E06115710551F4911108C08091E8000D
:108F600082FF34C080E00895BC01F2CF8091660694
:108F70008823C1F18530C1F18091E80083FD30C0C4
:108F80008091E80082FDEACF8091E80080FFE1CF88
:108F90002091F2003091F3006115710519F028302D
:108FA000310558F091E02830310509F090E08091CA
:108FB000E8008E778093E800CCCF84918093F10015
:108FC0003196615071092F5F3F4FE6CF8091660661
:108FD000882341F0853041F08091E80083FFBECFC7
:108FE00081E0089582E0089583E00895982F9730F6
:108FF00028F08F708093E90081E008959093E90054
:10900000242F762F50E0981731F07091EC002091CA
:10901000ED005091F00021FD02C09F5FE8CF30913C
:10902000EB003E7F3093EB003091ED003D7F3093BD
:10903000ED003091EB0031603093EB007093EC0069
:109040002093ED005093F0002091EE0027FDE5CF36
:1090500080E008958091670687FF13C08091E80043
:1090600082FF06C08091E8008B778093E80004C0FF
:10907000809166068111F2CF08958091660688235B
:10908000D9F38091E80080FFF8CF8091E8008E77D7
:10909000ECCF2091E4003091E50095E6A901209104
:1090A000EC00822F817020FF06C08091E80080FFD5
:1090B00006C080E008952091E80022FD1AC080914A
:1090C0006606882389F0853089F08091EB0085FD64
:1090D0000FC02091E4003091E50042175307F9F2E8
:1090E0009150E1F684E0089582E0089583E00895C8
:1090F00081E008950E94EB480E94F348E0EEF0E022
:10910000808181608083E8EDF0E080818F778083CB
:1091100019BCA7EDB0E08C918E7F8C9380818F7EFF
:1091200080831092650608950F931F93CF93DF936A
:109130000E94EB480E94F348C8EDD0E088818F7709
:10914000888388818068888388818F7D8883E7ED24
:10915000F0E080818068808319BC109266061092CE
:109160006206109264061092630600EE10E0F801A9
:1091700080818B7F808388818160888342E060E08A
:1091800080E00E94F647E1EEF0E080818E7F8083F0
:10919000E2EEF0E08081816080838081886080835E
:1091A000F80180818E7F8083888180618883DF9150
:1091B000CF911F910F910895E8EDF0E080818F7EAF
:1091C0008083E7EDF0E080818160808381E080939F
:1091D00065060C949448E8EDF0E080818C7F8083F4
:1091E0001092E20008951092DA001092E1000895C2
:1091F0001F920F920FB60F9211240BB60F922F935E
:109200003F934F935F936F937F938F939F93AF930E
:10921000BF93EF93FF938091E10082FF0BC0809199
:10922000E20082FF07C08091E1008B7F8093E10024
:109230000E949E448091DA0080FF19C08091D8007E
:1092400080FF15C08091DA008E7F8093DA008091D4
:10925000D90080FF98C084E189BD86E189BD09B449
:1092600000FEFDCF81E0809366060E9477448091E6
:10927000E10080FF19C08091E20080FF15C080915D
:10928000E2008E7F8093E2008091E2008061809313
:10929000E2008091D80080628093D80019BC85E0FC
:1092A000809366060E9494448091E10084FF2BC065
:1092B0008091E20084FF27C084E189BD86E189BDF9
:1092C00089B5982F917080FFFBCF8091D8008F7D5A
:1092D0008093D8008091E1008F7E8093E10080919F
:1092E000E2008F7E8093E2008091E20081608093B3
:1092F000E20080916206882309F44BC084E08093E9
:1093000066060E9498448091E10083FF29C0809105
:10931000E20083FF25C08091E100877F8093E10018
:1093200082E080936606109262068091E1008E7F53
:109330008093E1008091E2008E7F8093E200809133
:10934000E20080618093E20042E060E080E00E9401
:10935000F6478091F00088608093F0000E9490446E
:10936000FF91EF91BF91AF919F918F917F916F91FD
:109370005F914F913F912F910F900BBE0F900FBEB9
:109380000F901F90189519BC109266060E94894490
:109390006ECF8091E30087FD93E090936606B1CF96
:1093A0001F920F920FB60F9211240BB60F922F93AC
:1093B0003F934F935F936F937F938F939F93AF935D
:1093C000BF93CF93DF93EF93FF93D091E900DF70CA
:1093D0008091EC00C82FC17080FDC0E81092E900B8
:1093E0008091F000877F8093F00078940E94184A63
:1093F0001092E9008091F00088608093F000CD2BFE
:10940000CF70C093E900FF91EF91DF91CF91BF91B1
:10941000AF919F918F917F916F915F914F913F910C
:109420002F910F900BBE0F900FBE0F901F901895AD
:109430001F93CF93DF93CDB7DEB7AA970FB6F894FB
:10944000DEBF0FBECDBF87E696E02091F100FC01A4
:109450002193CF01F6E08F369F07B9F70E94F844B9
:109460008091E80083FF1EC1809167069091680695
:109470009A3008F017C1E92FF0E0E555F24B0C9453
:10948000F94B803899F0823809F00CC180916B0655
:109490008F70873008F006C18093E9008091EB005F
:1094A00085FB882780F91092E90006C08091630649
:1094B00090916406911182609091E800977F90935B
:1094C000E8008093F1001092F1008091E8008E771F
:1094D000E5C0882309F4D3C0823009F0E3C080914D
:1094E00069068111D6C080916B068F702FEF280F0F
:1094F000263008F0D7C08093E9002091EB0020FFD0
:10950000C8C0933031F48091EB0080628093EB000F
:10951000C0C09091EB0090619093EB0021E030E0AF
:1095200001C0220F8A95EAF72093EA001092EA0020
:109530008091EB008860EACF8111B4C01091690678
:109540001F778091E3008078812B8093E3008091E6
:10955000E800877F8093E8000E942A488091E80015
:1095600080FFFCCF8091E30080688093E30082E07D
:10957000111183E08093660695C08058823008F010
:1095800091C08091690690916A068C3D23E0920714
:10959000A1F583E08A838AE289834FB7F894DE01DC
:1095A000139620E03EE051E2E32FF0E050935700A5
:1095B000E49120FF03C0E295EF703F5FEF708E2FC4
:1095C00090E0EA30C0F0C7968D939D932F5F2431D1
:1095D00059F74FBF8091E800877F8093E8006AE2E7
:1095E00070E0CE0101960E943B478091E8008B77A6
:1095F0008093E80057C0C096E7CF60916B067091EA
:109600006C06AE014F5F5F4F0E942E46BC01892B56
:1096100009F448C09091E800977F9093E800898111
:109620009A810E949847E1CF8038E1F58091E80067
:10963000877F8093E800809162068093F10045CF98
:10964000811130C090916906923060F58091E800F8
:10965000877F8093E800909362060E942A48809159
:109660006206882311F084E005C08091E30087FD45
:10967000FACF81E0809366060E94DF4413C0809198
:109680006906813079F481E0933009F080E08093BD
:1096900064061092E9008091E800877F8093E800DB
:1096A0000E942A488091E80083FF0AC08091E80068
:1096B000877F8093E8008091EB0080628093EB00CD
:1096C000AA960FB6F894DEBF0FBECDBFDF91CF9143
:1096D0001F910895CF93809166068823A1F0C091D1
:1096E000E900CF709091EC00892F817090FD80E8A7
:1096F000C82B1092E9008091E80083FD0E94184A6F
:10970000CF70C093E900CF910895DB018F939F93B1
:109710000E94274CBF91AF91A29F800D911DA39FE6
:10972000900DB29F900D11240895991B79E004C00B
:10973000991F961708F0961B881F7A95C9F7809590
:10974000089587FB082E062687FD819567FD6195A4
:109750000E94954B0EF4919507FC81950895AA1BE4
:10976000BB1B51E107C0AA1FBB1FA617B70710F00C
:10977000A61BB70B881F991F5A95A9F7809590953E
:10978000BC01CD01089597FB072E16F4009407D075
:1097900077FD09D00E94AF4B07FC05D03EF49095B1
:1097A00081959F4F0895709561957F4F0895A1E22F
:1097B0001A2EAA1BBB1BFD010DC0AA1FBB1FEE1F4B
:1097C000FF1FA217B307E407F50720F0A21BB30B96
:1097D000E40BF50B661F771F881F991F1A9469F712
:1097E00060957095809590959B01AC01BD01CF016E
:1097F0000895EE0FFF1F0024001C0BBE0790F6918A
:10980000E02D0994692796276927782787277827E5
:1098100008950E94114C332312F48A1B9B0B0C9465
:10982000224CA29FB001B39FC001A39F700D811D68
:109830001124911DB29F700D811D1124911D089559
:109840000E94114CB7FF0895821B930B08950E944C
:10985000114CA59F900DB49F900DA49F800D911D5C
:1098600011240895B7FF0C94274C0E94274C821BAB
:10987000930B08958F929F92AF92BF92CF92DF92F7
:10988000EF92FF92CF93DF93EC01688179818A8117
:109890009B81611571058105910521F464E279EDE3
:1098A0008BE597E02DE133EF41E050E00E94FF4C63
:1098B00049015A019B01AC01A7EAB1E40E94274C7F
:1098C0006B017C01ACEEB4EFA50194010E94354C14
:1098D000DC01CB018C0D9D1DAE1DBF1DB7FF03C06C
:1098E0000197A109B04888839983AA83BB839F7796
:1098F000DF91CF91FF90EF90DF90CF90BF90AF902E
:109900009F908F9008950C943A4C80E091E00C94D5
:109910003A4CB0E0A0E08093000190930101A09345
:109920000201B09303010895FB01DC0102C0059020
:109930000D9241505040D8F70895FC0141505040DD
:1099400030F001900616D1F73197CF01089588279E
:1099500099270895FB01DC0104C08D9101908019C5
:1099600021F441505040C8F7881B990B0895F9998C
:10997000FECF92BD81BDF89A992780B50895A6E1E2
:10998000B0E044E050E00C94F14CA8E1B0E042E0DB
:1099900050E00C94F14C262FF999FECF92BD81BD79
:1099A000F89A019700B4021639F01FBA20BD0FB61D
:1099B000F894FA9AF99A0FBE08950396272F0E94F9
:1099C000CC4C0E94CB4C252F0E94CC4C242F0C94C5
:1099D000CC4C0196272F0E94CC4C0C94CB4CDC0134
:1099E000CB01FC01F999FECF06C0F2BDE1BDF89AAA
:1099F000319600B40D9241505040B8F70895052EAD
:109A000097FB1EF400940E94164D57FD07D00E944C
:109A1000D74B07FC03D04EF40C94164D509540954F
:109A2000309521953F4F4F4F5F4F0895909580950A
:109A3000709561957F4F8F4F9F4F0895F894FFCF9A
:109A4000D71EDF1EE61EEB1EF01EF51EFA1EFF1EC1
:109A5000041F091F0E1F131F171F1C1F1F1F221F6C
:109A6000251F281F2A1F2D1FD420D920DB20DE20F0
:109A7000E120E420E720552362238A239623A123B3
:109A8000AC23AF23B623BD2308240B24C223C62353
:109A9000CE23DB23E823EB23EE23FB23282F282FE1
:109AA000802F802FD22FEE2F552F552FF92F853055
:109AB00094309430F030552F552FF9306E316E318F
:109AC0007731773179317731773177316E316E3166
:109AD0007E31773177317E3131411E4138417E3FD1
:109AE000F541F5411941F541F5416441F5417441B4
:109AF000DB41F541F541F541F5419741F541F5412E
:109B00008441F5414F41F541F541F341F341F341C2
:109B1000F341F341F341F341F341F341ED41F541A9
:109B200031411241F541F541F541F541F541F5412C
:109B3000F541F541F541F541ED41F541F541194159
:109B4000F541F141F141F141F141F141F141F14181
:109B5000F141F141ED41414A694A524B694A524B48
:0A9B60009C4ABD4A524B144B204BA7
:109B6A0001000000010102001E001E1E01191A1B3D
:109B7A001C1D1E1F202122060021007F22000375C2
:109B8A00032808641E140A321E4D430D44EC43E8B0
:109B9A0043E44301E200E900EA00B500B600B70079
:109BAA00CD008301CC008A01920194012102230293
:109BBA0024022502260227022A02B300B4006F00FB
:109BCA007000818283000102030405060767666547
:109BDA006463626160F5F6F7F2F1F0C1C000010258
:109BEA000202020606060909090909090F0F0F0FE1
:109BFA000F0F1515151819191919191919191919EC
:109C0A0023242525252525250008101818100800C5
:109C1A00E200E900EA00B500B600B700CD00830112
:109C2A00CC008A0192019401210223022402250216
:109C3A00260227022A02B300B4006F007000818254
:109C4A0083010203040506070809004022BC227C9E
:109C5A001D9E1CC01C7C1C011C1A1C3A1C531C0097
:00000001FF
