:100000000C94100E0C94590E0C94590E0C94590E1D
:100010000C94590E0C94590E0C94590E0C94590EC4
:100020000C94590E0C94590E0C9427450C94FF45D2
:100030000C94C53E0C94590E0C94590E0C94590E08
:100040000C94590E0C94590E0C94590E0C94590E94
:100050000C943F2F0C941C3F0C94590E0C94590E89
:100060000C94590E0C94590E0C94590E0C94590E74
:100070000C94590E0C94590E0C94590E0C94590E64
:100080000C94590E0C94590E0C94590E0C94590E54
:100090000C94590E0C94590E2020202000534352EA
:1000A000200020202020004341502000202020203C
:1000B000004E554D2000556E646566696E6564009E
:1000C00046756E6320330A0046756E6320320A005F
:1000D00046756E6320310A00426173650A004C6107
:1000E0007965723A20004D306C6C790A0035001E3B
:1000F000001F0020002100220023002400250026EC
:100100000027002D002E002A000000530054005547
:100110000056002B0014001A000800150017001CE0
:100120000018000C00120013002F003000310000F6
:10013000005F006000610000003900040016000745
:100140000009000A000B000D000E000F0033003400
:10015000000000280000005C005D005E005700E128
:100160000000001D001B0006001900050011001012
:1001700000360037003800E5000000000059005A42
:10018000005B000000E000E300E200000000002C43
:1001900000000000000000E6000000E7000151E45C
:1001A000000000620000006300580001000100012F
:1001B0000001000100010001000100010001000137
:1001C0000001000100005C000001000100010001CD
:1001D0000001000100010001000100010001000117
:1001E0000001000100010001000100010000000108
:1001F00000010001000000010001000100010001F8
:1002000000010001000100010001000100010000E7
:1002100000010000000100010001000100010000D8
:1002200000C25CC35CC55CC65CC75CC85CC95CCA18
:100230005CC05C0100010000000000010001000141
:1002400000000001000100010000000000010000AA
:10025000000000000001000000010001000100009A
:100260000001000000010001000100010001000187
:100270000001000100010001000100010001000176
:10028000000100005C00000100010001000100010C
:100290000001000100010001000100010001000156
:1002A0000001000100010001000100000001000147
:1002B0000001000000010001000100010001000137
:1002C0000001000100010001000100010000000127
:1002D000000000010001000100010001000000C257
:1002E0005CC35CC55CC65CC75CC85CC95CCA5CC0FE
:1002F0005C0100010000000000010001000100009D
:1003000000010001000100000000000100000000E9
:1003100000000001000000010001000100000001D8
:1003200000000001000100010001000100010001C6
:1003300000010001000100010001000100010001B5
:1003400000005C000001000100010001000100014B
:100350000001000100010001000100010001000195
:100360000001000100010001000000010001000186
:100370000000000100010001000100010001000176
:100380000001000100010001000100000001000067
:1003900000010001000100010001000000C25CC377
:1003A0005CC55CC65CC75CC85CC95CCA5CC05C01FF
:1003B0000001000000000001000100010000000138
:1003C000000100010000000000010000000000002A
:1003D0000001000000010001000100000001000018
:1003E000000100010044454255473A2064697361A9
:1003F000626C65642E0A0044454255473A20656E9A
:1004000061626C65642E0A000000000000000000BC
:100410002A2B28000000000000000000000000005F
:1004200000000029000000002C1E3420212224346A
:100430002627252E362D3738271E1F20212223243C
:1004400025263333362E37381F0405060708090AD8
:100450000B0C0D0E0F101112131415161718191A74
:100460001B1C1D2F3130232D350405060708090AF2
:100470000B0C0D0E0F101112131415161718191A54
:100480001B1C1D2F3130354C000000000000000007
:10049000000000000000000000000000000000005C
:1004A0000000000000000000000000007E0F00D4EB
:1004B000FFFFFFC7000000784F6E6573686F743AE6
:1004C000206163746976653A2025640A000A002574
:1004D000303258006B6579626F6172645F73657466
:1004E0005F6C65643A20000A00253033326C62008C
:1004F0003A200025303258000A722F632030313202
:100500003334353637383941424344454630313249
:10051000333435363738394142434445460A002999
:100520000A002575002F002575005D280025640050
:100530002000256400200025640020002564007C44
:100540000025303258006D6F7573656B6579205BDF
:1005500062746E7C782079207620685D28726570E0
:100560002F61636C293A205B007267626C6967686F
:10057000742074696D65722064697361626C652EA4
:100580000A007267626C696768742074696D6572CD
:1005900020656E61626C65642E0A007267626C6928
:1005A00067687420736574207370656564205B4EA2
:1005B0004F454550524F4D5D3A2025750A007267F0
:1005C000626C696768742073657420737065656414
:1005D000205B454550524F4D5D3A2025750A00720B
:1005E00067626C696768742073657420687376202D
:1005F0005B4E4F454550524F4D5D3A2025752C2599
:10060000752C25750A007267626C696768742073BF
:10061000657420687376205B454550524F4D5D3AB6
:100620002025752C25752C25750A007267626C696A
:10063000676874207261696E626F772073657420D9
:100640006873763A2025642C25642C25642C257546
:100650000A007267626C696768742064697361621A
:100660006C65205B4E4F454550524F4D5D3A2072B0
:1006700067626C696768745F636F6E6669672E6531
:100680006E61626C65203D2025750A007267626CA0
:10069000696768742064697361626C65205B4545B5
:1006A00050524F4D5D3A207267626C696768745FA3
:1006B000636F6E6669672E656E61626C65203D20B2
:1006C00025750A007267626C6967687420656E61DF
:1006D000626C65205B4E4F454550524F4D5D3A2050
:1006E0007267626C696768745F636F6E6669672EB4
:1006F000656E61626C65203D2025750A0072676237
:100700006C6967687420656E61626C65205B454545
:1007100050524F4D5D3A207267626C696768745F32
:10072000636F6E6669672E656E61626C65203D2041
:1007300025750A007267626C6967687420746F6758
:10074000676C65205B454550524F4D5D3A2072679E
:10075000626C696768745F636F6E6669672E656E49
:1007600061626C65203D2025750A007267626C69C4
:10077000676874206D6F6465205B4E4F454550522D
:100780004F4D5D3A2025750A007267626C69676893
:1007900074206D6F6465205B454550524F4D5D3A46
:1007A0002025750A007267626C696768745F696EFC
:1007B0006974207267626C696768745F636F6E66E4
:1007C00069672E6D6F6465203D20302E2057726959
:1007D00074652064656661756C742076616C7565FE
:1007E0007320746F20454550524F4D2E0A0072679A
:1007F000626C696768745F696E6974206565636FB0
:100800006E666967206973206E6F7420656E616221
:100810006C65642E0A007267626C696768745F6950
:100820006E6974207374617274210A007267626C5D
:10083000696768745F696E69742063616C6C656474
:100840002E0A007267626C696768745F636F6E6618
:1008500069672E7370656564203D2025640A007207
:1008600067626C696768745F636F6E6669672E762E
:10087000616C203D2025640A007267626C696768BC
:10088000745F636F6E6669672E736174203D202507
:10089000640A007267626C696768745F636F6E6692
:1008A00069672E687565203D2025640A00726768B7
:1008B0006C696768745F636F6E6669672E6D6F64DD
:1008C00065203D2025640A007267626C6967687460
:1008D0005F636F6E6669672E656E61626C65203D51
:1008E0002025640A007267626C696768745F636FD1
:1008F0006E66696720454550524F4D3A0A00000424
:100900007F3F1F643214643214783C1E1E140A05A3
:100910002223252628292A2C2D2F3032333536380C
:100920003A3B3D3E4042434547494A4C4E50515365
:100930005557595A5C5E6062646668696B6D6F7189
:10094000737577797B7D7F81838587898A8C8E908B
:10095000929496989A9C9E9FA1A3A5A7A8AAACAE94
:10096000AFB1B3B4B6B8B9BBBCBEBFC1C2C3C5C6D4
:10097000C7C9CACBCCCDCED0D1D2D2D3D4D5D6D77D
:10098000D7D8D9D9DADADBDBDBDCDCDCDCDCDDDDBB
:10099000DDDDDCDCDCDCDCDBDBDBDADAD9D9D8D7AB
:1009A000D7D6D5D4D3D2D2D1D0CECDCCCBCAC9C74D
:1009B000C6C5C3C2C1BFBEBCBBB9B8B6B4B3B1AF84
:1009C000AEACAAA8A7A5A3A19F9E9C9A9896949224
:1009D000908E8C8A89878583817F7D7B79777573FB
:1009E000716F6D6B6968666462605E5C5A595755D9
:1009F0005351504E4C4A4947454342403E3D3B3A95
:100A00003836353332302F2D2C2A2928262523221B
:100A1000FFAA7F55406261636B6C696768742062EE
:100A20007265617468696E672064697361626C6580
:100A30000A006261636B6C69676874206272656149
:100A40007468696E6720656E61626C650A00626138
:100A5000636B6C6967687420627265617468696E43
:100A60006720746F67676C653A2025750A006261BC
:100A7000636B6C6967687420737465703A202575C0
:100A80000A006261636B6C696768742064697361F2
:100A9000626C650A006261636B6C696768742065EB
:100AA0006E61626C650A006261636B6C6967687491
:100AB00020746F67676C653A2025750A0062616370
:100AC0006B6C696768742064656372656173653A0D
:100AD0002025750A006261636B6C69676874206920
:100AE0006E6372656173653A2025750A0000000027
:100AF00000000000000000000101020304050608D8
:100B00000A0C0F1114181C2024292E33393F464C8F
:100B1000535B626A7179818A929AA2AAB2B9C1C8FA
:100B2000CFD5DCE1E7EBF0F4F7FAFCFDFEFFFEFDCC
:100B3000FCFAF7F4F0EBE7E1DCD5CFC8C1B9B2AA13
:100B4000A29A928A8179716A625B534C463F39332B
:100B50002E2924201C1814110F0C0A080605040362
:100B6000020101000000000000000000000001017F
:100B7000010101010101010202020202020202025C
:100B8000030303030303030304040404040404052C
:100B900005050505060606060607070707070808F0
:100BA0000808090909090A0A0A0B0B0B0C0C0C0DA1
:100BB0000D0D0E0E0E0F0F0F10101111111212133A
:100BC000131414151516161717181819191A1A1BB5
:100BD0001B1C1D1D1E1E1F20202122222324242514
:100BE0002626272829292A2B2C2D2D2E2F3031324D
:100BF00032333435363738393A3B3C3D3E3F40415D
:100C000042434445464748494A4C4D4E4F50515344
:100C100054555658595A5B5D5E5F616264656668FB
:100C2000696B6C6D6F7072737577787A7B7D7E807F
:100C300082838587888A8C8E8F91939596989A9CCB
:100C40009EA0A2A3A5A7A9ABADAFB1B3B5B7BABCDF
:100C5000BEC0C2C4C6C9CBCDCFD1D4D6D8DBDDDFB0
:100C6000E2E4E7E9EBEEF0F3F5F8FAFDFF6F6C650F
:100C7000645F6F666620636D64206661696C65649D
:100C80000A0000AE6F6C65645F6F6E20636D642058
:100C90006661696C65640A0000AF6F6C65645F72C1
:100CA000656E6465723930206461746120666169C3
:100CB0006C65640A006F6C65645F72656E64657272
:100CC0002064617461206661696C65640A006F6C00
:100CD00065645F72656E646572206F6666736574C5
:100CE00020636F6D6D616E64206661696C65640A76
:100CF00000646973706C61795F736574757032201C
:100D00006661696C65640A0000DA0281FFD9F1DB73
:100D100020A4A62EAF646973706C61795F666C69FC
:100D200070706564206661696C65640A0000A0C02B
:100D30006F6C65645F696E697420636D64206E6FAB
:100D4000726D616C20726F746174696F6E20666180
:100D5000696C65640A0000A1C86F6C65645F696EA8
:100D6000697420636D642073657420312066616945
:100D70006C65640A0000AED580A81FD300408D14B6
:100D8000200007087F0807003E5B4F5B3E003E6B7C
:100D90004F6B3E001C3E7C3E1C00183C7E3C180005
:100DA0001C577D571C001C5E7F5E1C0000183C1801
:100DB0000000FFE7C3E7FF00001824180000FFE76A
:100DC000DBE7FF0030483A060E0026297929260085
:100DD000407F05050700407F05253F005A3CE73C62
:100DE0005A007F3E1C1C0800081C1C3E7F00142279
:100DF0007F2214005F5F005F5F0006097F017F00B4
:100E0000006689956A0060606060600094A2FFA23D
:100E1000940008047E04080010207E2010000808BA
:100E20002A1C0800081C2A0808001E1010101000B8
:100E30000C1E0C1E0C0030383E383000060E3E0EE4
:100E4000060000000000000000005F000000000736
:100E500000070000147F147F1400242A7F2A120048
:100E60002313086462003649562050000008070327
:100E70000000001C224100000041221C00002A1C2E
:100E80007F1C2A0008083E0808000080703000001F
:100E9000080808080800000060600000201008042E
:100EA00002003E5149453E0000427F400000724929
:100EB000494946002141494D33001814127F100062
:100EC0002745454539003C4A49493100412111092E
:100ED0000700364949493600464949291E000000A5
:100EE00014000000004034000000000814224100FB
:100EF00014141414140000412214080002015909AA
:100F000006003E415D594E007C1211127C007F4963
:100F1000494936003E41414122007F4141413E0066
:100F20007F49494941007F09090901003E4141517A
:100F300073007F0808087F0000417F4100002040C7
:100F4000413F01007F08142241007F4040404000A3
:100F50007F021C027F007F0408107F003E41414158
:100F60003E007F09090906003E4151215E007F09CC
:100F70001929460026494949320003017F0103002F
:100F80003F4040403F001F2040201F003F4038406E
:100F90003F006314081463000304780403006159DC
:100FA000494D4300007F41414100020408102000E8
:100FB000004141417F0004020102040040404040E2
:100FC00040000003070800002054547840007F28A8
:100FD00044443800384444442800384444287F00BE
:100FE00038545454180000087E09020018A4A49C28
:100FF00078007F080404780000447D400000204011
:10100000403D00007F102844000000417F40000068
:101010007C04780478007C08040478003844444454
:101020003800FC182424180018242418FC007C081C
:101030000404080048545454240004043F44240089
:101040003C4040207C001C2040201C003C403040A4
:101050003C004428102844004C9090907C0044644C
:10106000544C4400000836410000000077000000A6
:101070000041360800000201020402003C2623263B
:101080003C00000000000000404040F0F8F8FF384D
:10109000FFF8F83FF8F8FF38FFF8F8F0404040005C
:1010A000000000000080C0C0C0800000C0C0800000
:1010B000000080C0C000C0C0000080C0C0000000B0
:1010C0000000C0C0C0C0C000C0C0000000000000E0
:1010D0000000000000000000000000000000000010
:1010E0000000000000000000000000000000000000
:1010F00000000000000000000000000000000000F0
:1011000000C0F0F8FC3E1E06010000007F41414196
:101110007F007F4141417F000080C0E07E5B4F5BEC
:10112000FEC00000C000DCD7DEDEDED7DC00C00081
:1011300000000000000000000000000000000000AF
:101140000000000000000000494949FFFFFFFFE0E8
:10115000DFBFBF00BFBFDFE0FFFFFFFF494949001E
:10116000000000001F3F6060E0BF1F007F7F071E80
:10117000381E077F7F007F7F0E1F3B7160000000DD
:1011800000007F7F0C0C0C007E7E007F7E0303003E
:101190007F7E03037E7E03037F7E000F3E703C064E
:1011A0003C703E0F00327B49493F7E007F7E030347
:1011B000001E3F69696F260000000000000000006B
:1011C00000030F1F3F3C7870600000007F414141E9
:1011D0007F007F4141417F00307B7F78302020308D
:1011E000787F3B0003000F7F0F0F0F7F0F0003007E
:1011F00000000000000000000000000000000000EF
:101200000000000000000000010101070F0F7F0F28
:101210007F0F0F7E0F0F7F0F7F0F0F070101010060
:1012200000000000000000000001010000000000BC
:1012300000000000000000000000000000000000AE
:10124000000000000000000000000000000000009E
:10125000000000000000000000000000000000008E
:10126000000000000000000000000000000000007E
:10127000000000000000000000000000000000006E
:10128000000000000000000000000000000000005E
:10129000000000000000000000000000000000004E
:1012A000000000000000000000000000000000003E
:1012B000000000000000000000000000000000002E
:1012C0000000313A0964656C6179282A31306D7308
:1012D000293A2025750A323A09696E746572766179
:1012E0006C286D73293A2025750A333A096D6178A7
:1012F0005F73706565643A2025750A343A0974692C
:101300006D655F746F5F6D61783A2025750A353AB7
:1013100009776865656C5F6D61785F73706565649A
:101320003A2025750A363A09776865656C5F7469F5
:101330006D655F746F5F6D61783A2025750A007086
:101340003A097072696E742076616C7565730A640F
:101350003A097365742064656661756C74730A7507
:10136000703A092B310A646E3A092D310A6C743ACD
:10137000092B31300A72743A092D31300A45534332
:101380002F713A09717569740A0A73706565642072
:101390003D2064656C7461202A206D61785F7370F4
:1013A000656564202A2028726570656174202F208D
:1013B00074696D655F746F5F6D6178290A77686520
:1013C00072652064656C74613A20637572736F7224
:1013D0003D25642C20776865656C3D25640A53655E
:1013E0006520687474703A2F2F656E2E77696B696B
:1013F00070656469612E6F72672F77696B692F4D15
:101400006F7573655F6B6579730A004D3E20004D03
:1014100025753A25733E20003F0A003D2025750AB8
:10142000003F0A0064656661756C74730A00257577
:101430000A003F0A000A092D2056616C7565732069
:101440002D0A00710A000A092D204D6F7573656B16
:101450006579202D0A003F00433E20004C25640A98
:10146000000A092D20537461747573202D0A686F6A
:1014700073745F6B6579626F6172645F6C656473CE
:1014800028293A20253032580A6B6579626F6172DB
:10149000645F70726F746F636F6C3A2025303258DE
:1014A0000A6B6579626F6172645F69646C653A208A
:1014B000253032580A6B65796D61705F636F6E66B7
:1014C00069672E6E6B726F3A20253032580A746944
:1014D0006D65725F72656164333228293A20253068
:1014E000386C580A000A092D2056657273696F6EB0
:1014F000202D0A5649443A20307835343442285455
:101500006865204B657920436F6D70616E79292085
:101510005049443A20307830303034284D306C6CAB
:101520007929205645523A203078303030310A42FD
:1015300055494C443A2020284665622032322032F8
:10154000303232290A4F5054494F4E533A204C55AD
:101550004641204D4F5553454B455920455854520F
:10156000414B455920434F4E534F4C4520434F4D1F
:101570004D414E44204E4B524F20383139320A47AC
:1015800043433A20382E332E30204156522D4C49B9
:1015900042433A20322E302E30204156525F415283
:1015A00043483A2061767235310A000A092D2043FA
:1015B0006F6E736F6C65202D0A4553432F713A0986
:1015C000717569740A6D3A096D6F7573656B65792C
:1015D0000A000A092D204D61676963202D0A443AEB
:1015E000094465627567204D6573736167652054B2
:1015F0006F67676C650A583A094D617472697820A3
:101600004465627567204D6F646520546F67676C31
:1016100065202D2053686F77206B65797072657334
:1016200073657320696E206D6174726978206772CA
:1016300069640A4B3A094B6579626F6172642044B0
:101640006562756720546F67676C65202D2053684D
:101650006F77206B65797072657373207265706F38
:1016600072740A4D3A094465627567204D6F75734F
:101670006520546F67676C650A563A095665727340
:10168000696F6E0A533A095374617475730A433A69
:1016900009416374697661746520436F6E736F6C82
:1016A00065204D6F64650A46312D4631303A095345
:1016B000776974636820746F204C6179657220309B
:1016C0002D392028463130203D204C30290A302D3C
:1016D000393A0953776974636820746F204C6179D3
:1016E000657220302D390A47524156453A095377E1
:1016F0006974636820746F204C61796572203020B2
:1017000028616C7465726E617465290A423A094AEF
:10171000756D7020746F20426F6F746C6F616465BB
:10172000720A4553433A094A756D7020746F20421E
:101730006F6F746C6F616465722028616C74657280
:101740006E617465290A453A095072696E742045C4
:101750004550524F4D2053657474696E67730A4249
:1017600053504143453A09436C65617220454550E9
:10177000524F4D0A4E3A094E4B524F20546F6767F5
:101780006C650A006261636B6C696768745F636FA4
:101790006E6669672E7261773A20253032580A2EBC
:1017A000656E61626C653A2025750A2E6C657665FA
:1017B0006C3A2025750A006B65796D61705F636F07
:1017C0006E6669672E7261773A20253032580A2E8C
:1017D000737761705F636F6E74726F6C5F6361705B
:1017E000736C6F636B3A2025750A2E636170736C9E
:1017F0006F636B5F746F5F636F6E74726F6C3A20B0
:1018000025750A2E737761705F6C63746C5F6C670B
:1018100075693A2025750A2E737761705F7263745B
:101820006C5F726775693A2025750A2E737761704F
:101830005F6C616C745F6C6775693A2025750A2E60
:10184000737761705F72616C745F726775693A205B
:1018500025750A2E6E6F5F6775693A2025750A2E09
:10186000737761705F67726176655F6573633A2055
:1018700025750A2E737761705F6261636B736C61AB
:1018800073685F6261636B73706163653A2025758D
:101890000A2E6E6B726F3A2025750A0064656275B8
:1018A000675F636F6E6669672E7261773A202530D5
:1018B00032580A2E656E61626C653A2025750A2ED3
:1018C0006D61747269783A2025750A2E6B657962AC
:1018D0006F6172643A2025750A2E6D6F7573653AD3
:1018E0002025750A006565636F6E6669673A0A644C
:1018F000656661756C745F6C617965723A202575F7
:101900000A003F004E4B524F3A206F66660A004E67
:101910004B524F3A206F6E0A000A6D6F7573653A2D
:10192000206F66660A000A6D6F7573653A206F6EE8
:101930000A000A6B6579626F6172643A206F6666AD
:101940000A000A6B6579626F6172643A206F6E0AF1
:10195000000A6D61747269783A206F66660A000A3F
:101960006D61747269783A206F6E0A000A6465626C
:1019700075673A206F66660A000A64656275673AA1
:10198000206F6E0A000A0A4A756D70696E672074CE
:101990006F20626F6F746C6F616465722E2E2E20E3
:1019A00000433E2000436C656172696E67204545C7
:1019B00050524F4D0A000A002530325820006B6506
:1019C00079626F6172645F7265706F72743A200041
:1019D00064656C5F6B65795F6269743A2063616E00
:1019E00027742064656C3A20253032580A006164FF
:1019F000645F6B65795F6269743A2063616E277416
:101A0000206164643A20253032580A005B735D001F
:101A10005B575D005B535D005B525D005B445D00A6
:101A20005B435D000C034D0030006C006C007900DE
:101A30000000200354006800650020004B00650092
:101A40007900200043006F006D00700061006E009F
:101A5000790000000403090409027B00040100A0CE
:101A6000FA0904000001030101000921110100012C
:101A70002240000705810308000A0904010002034F
:101A80000000000921110100012222000705820344
:101A900020000107050303200001090402000103DF
:101AA00000000009211101000122B600070584038E
:101AB00020000A09040300020300000009211101AB
:101AC0000001222200070585032000010705050308
:101AD00020000112010002000000084B5404000124
:101AE00000010200010631FF0974A101097515000A
:101AF00026FF009520750881020976150026FF0053
:101B0000952075089102C00660FF0961A101096274
:101B1000150026FF0095207508810209631500262F
:101B2000FF00952075089102C005010902A10185F9
:101B3000020901A1000509190129081500250195CF
:101B400008750181020501093009311581257F954C
:101B5000027508810609381581257F950175088170
:101B600006050C0A38021581257F95017508810646
:101B7000C0C005010980A101850319012AB700151C
:101B80000126B700950175108100C0050C0901A15F
:101B900001850419012AA002150126A002950175EC
:101BA000108100C005010906A1018506050719E09D
:101BB00029E715002501950875018102050719001F
:101BC00029EF1500250195F075018102050819011D
:101BD0002905950575019102950175039101C005CF
:101BE000010906A101050719E029E715002501955E
:101BF0000875018102950175088101050719002901
:101C0000FF150026FF0095067508810005081901DB
:101C10002905950575019102950175039101C00093
:101C200011241FBECFEFD0E2DEBFCDBF04B603FE4E
:101C300027C08091190690911A06A0911B06B091B9
:101C40001C068730904BA740B04BD1F41092190678
:101C500010921A0610921B0610921C0614BE84B72E
:101C6000877F84BF0FB6F894A89580916000886143
:101C700080936000109260000FBEE0E0F0EF0995E5
:101C800012E0A0E0B1E0E6EAF2E900E00BBF02C03A
:101C900007900D92AE34B107D9F726E0AEE4B2E07A
:101CA00001C01D92A931B207E1F70E949C200C945B
:101CB000D4480C940000FF93EF93E0914E02F09112
:101CC0004F02309709F00995EF91FF910895FC01BB
:101CD0008591803011F0EFDFFBCF0895FF27E0E220
:101CE00030E247FF0CC0419597FF09C0EDE26095D7
:101CF000709580959095611D711D811D911D27FF27
:101D000002C0219530E350E2AA27660F771F881F93
:101D1000991FAA1FA41710F0A41B63955A95A9F741
:101D2000AA3008F0A95FA05DAF93F3956115710526
:101D30008105910541F7ED3211F4EF93F395F21718
:101D400018F43F93F395FBCF8F91B5DFFA95E1F748
:101D50000895E991F9918591803021F0853219F04B
:101D6000AADFF9CF089520E0E89455915532C1F3E8
:101D7000503311F4689455915A3348F4505390F30A
:101D8000220F022E220F220F200D250FF4CF0EF46A
:101D9000219589919991533619F3533729F1533588
:101DA00059F1BC0188279927E8945C3621F4899180
:101DB000999168945591543639F446EF7EF077FF47
:101DC0000DC08FEF9FEF0AC055374AE039F0583504
:101DD00040E121F0523642E009F00895FF93EF937D
:101DE0007DDFEF91FF91B7CFFF93EF93FC018191DE
:101DF0008030B9F360DFFBCFFF93EF9368DFF1CF63
:101E0000DF93CF93CDB7DEB72596A3DFCF91DF91D8
:101E100008955098589A5198599A279A2F9A0C9445
:101E2000951BCF9360E086EE90E00E94753360E0F2
:101E30008EED90E00E947533809175020E945811DA
:101E4000813091F1882351F0823091F18330A1F1FA
:101E500060E086EB90E00E94873305C060E088ED8B
:101E600090E00E9475330E94EC3CC82F8CEA90E011
:101E7000C0FF02C081EB90E060E00E94753382EA0F
:101E800090E0C1FF02C087EA90E060E00E947533F5
:101E900088E990E0C2FF02C08DE990E060E00E9416
:101EA000753380E0CF91089560E080ED90E0D9CF68
:101EB00060E088EC90E0D5CF60E080EC90E0D1CF9E
:101EC00081E0089581E008950C94620F08950C94C8
:101ED000660F1F93CF93DF9300D000D00F92CDB742
:101EE000DEB749835A836B833091500289819A818E
:101EF00031111DC06623B9F02223A9F00E94951666
:101F0000182F682F89819A810E94411669817A81F0
:101F1000812F0F900F900F900F900F90DF91CF9126
:101F20001F910C941C3A0E946D16182FEFCF0E943F
:101F3000951669817A81EDCFFC01262F4081518170
:101F40006281738184810C94690F81E00895CF933D
:101F5000DF93EC0160E00E949C0FBE01DF91CF9106
:101F60000C94670FE1E0F0E0DF0102C0AA0FBB1F95
:101F70006A95E2F7BD01DF0102C0AA0FBB1F4A95B7
:101F8000E2F76A2B01C0EE0F2A95EAF7962F982305
:101F9000961302C08E2B0895E0958E230895242F6A
:101FA000462F682F809175020E94B20F0C94FE1587
:101FB0000E94BE1E0E94D0110E94C72F0C94D91EF1
:101FC0000C94DC1E089508950C94E30F0E94E40F16
:101FD00080E00E94FE2E80E00E94D7110C94CC3449
:101FE00008950E9496150E94F00F2FEF84E39CE065
:101FF000215080409040E1F700C000000C94403F29
:102000000F931F93CF93DF938C0161E00E949C0F8D
:10201000EC01B8010E946130882309F44DC0B80179
:10202000CE010E94640F882309F446C0B801CE0196
:102030000E944A2E882309F43FC0B801CE010E94B5
:102040007D3B8823C9F1B801CE010E941935882350
:1020500099F1B801CE010E94E73A882369F1B801ED
:10206000CE010E94D82B882339F1F8018281882380
:1020700061F0CE3DFCE5DF07B9F170F4C115ECE588
:10208000DE07C1F0C130DC45E9F0C801DF91CF9136
:102090001F910F910C94600FCB358DE5D80751F14E
:1020A000CC35EDE5DE0719F1CA35DD4571F70E9443
:1020B000C41AEBCF0E94F10F80E0DF91CF911F9106
:1020C0000F9108959091F102892F8E7F90FF81608A
:1020D0008093F10280FF05C087EF93E00E94670EB6
:1020E000EBCF85EE93E0FACF0E94741BE5CF0E9400
:1020F000BB1ACBCF0E94C71AC8CF0C94E20F0E9424
:10210000132D0E94E03C0E94D7110C947D10DF92A9
:10211000EF92FF920F931F93CF93DF93E82FF0E09E
:10212000E85FFB4FD490282F26952695269530E022
:10213000F901E855FB4F0491877010E0082E02C0AA
:10214000159507950A94E2F701701127F901E856F1
:10215000FB4FE490F12C082E02C0F594E7940A940A
:10216000E2F791E0E922FF24F901E857FB4FC4911F
:10217000D0E002C0D595C7958A95E2F7C170DD27FA
:102180000115110519F081EE0E942212E114F104EB
:1021900019F086EE0E9422128D2D0E942613EF2840
:1021A00019F086EE0E94B912012B19F081EE0E94FF
:1021B000B912CD2B51F08CE2DF91CF911F910F918D
:1021C000FF90EF90DF900C942613DF91CF911F9139
:1021D0000F91FF90EF90DF900895EF92FF920F9391
:1021E0001F93CF93DF93EC01162F0AE08881882399
:1021F00009F454C0813009F04EC08981813099F4CE
:102200007E0122E0E20EF11C8A810E942613E70182
:102210002196812F815050F3EFE9FFE03197F1F7DC
:1022200000C00000F7CF823041F47E0182E0E80E6A
:10223000F11C8A810E942212EACF833041F47E0190
:10224000E2E0EE0EF11C8A810E94B912E0CF8430E8
:1022500011F02196DDCF2A81229690E080E0AE0138
:102260004F5F5F4F2053330B2A30310548F0019701
:1022700078F2EFE9FFE03197F1F700C00000F7CF07
:10228000089FB001099F700D1124C901860F971F87
:102290002981EA01E4CF0E948710BACFDF91CF9164
:1022A0001F910F91FF90EF90089560E00C94ED1056
:1022B000982F92959F7011F0892F94E0282F2695E2
:1022C000269511F09E5F822F869509F09F5F892FDA
:1022D0000895829590E09C01220F331F220F331F37
:1022E0002C7C95958795959587958373282B30E061
:1022F000C901880F991F8A7A359527952575822BF4
:102300000895CF93DF93D92F0E946911C82F8D2F85
:102310000E9469119C2FDF91CF910895CF92DF9297
:10232000EF92FF920F931F93CF93DF937C01CB012A
:102330000E948111EC01C7010E9481118C01BE0134
:1023400090E080E0CB017727662730E020E0602B2B
:10235000712B822B932BDF91CF911F910F91FF90C7
:10236000EF90DF90CF90089508950C94B41181E020
:102370000895CF93C82F0E94B711882349F0C0FF5A
:1023800009C05A9AC1FF08C05B9AC2FF07C05C9A95
:10239000CF9108955A98F6CF5B98F7CF5C98F8CF15
:1023A000529A5A98539A5B98549A5C980895CF938E
:1023B000C82F0E94B5118C2FCF910C94B911CF93D7
:1023C000DF93CDB7DEB72B970FB6F894DEBF0FBE05
:1023D000CDBF4F83588769877A878B8761110E94A9
:1023E000031A1E821D8285E0FE013796DE011196DA
:1023F00001900D928A95E1F78C819D81892B89F45A
:1024000049815A816B817C818D819E810E94241932
:102410002B960FB6F894DEBF0FBECDBFDF91CF91E4
:10242000089589819A8189238F3F51F3CE010196C6
:102430000E94A50F8111E4CFEBCFFC018081918137
:102440000C94C216CF93C82F882309F490C0823809
:10245000C1F40E94E03C81FD8AC089E30E94BE195C
:102460000E94261A2FEF81EE94E021508040904088
:10247000E1F700C0000089E30E94C519CF910C94D8
:10248000261A8338A1F40E94E03C80FD70C083E5E9
:102490000E94BE190E94261A2FEF81EE94E021506F
:1024A00080409040E1F700C0000083E5E5CF84382C
:1024B000A1F40E94E03C82FD5AC087E40E94BE194C
:1024C0000E94261A2FEF81EE94E021508040904028
:1024D000E1F700C0000087E4CFCF8CEF8C0F813A8A
:1024E000B8F48C2F0E940039811141C06C2F80916B
:1024F0000201909103010E94983D882329F08C2FBE
:102500000E94C5190E94261A8C2F0E94BE19B6CFB0
:1025100080E28C0F883048F4C77081E001C0880FDA
:10252000CA95EAF70E94E619A9CFEBE5EC0FE33074
:1025300040F4F0E0ED59FE4F808190E0CF910C9493
:10254000583DE8E5EC0FE73150F4F0E0EE0FFF1FE7
:10255000EB5CFE4F80819181CF910C946E3DC03F2A
:1025600030F08C2F0E942C21CF910C94FF21CF9121
:102570000895882309F452C0823871F40E94E03C27
:1025800081FF4CC089E30E94BE190E94261A89E38C
:102590000E94C5190C94261A833859F40E94E03C15
:1025A00080FF3CC083E50E94BE190E94261A83E585
:1025B000EFCF843859F40E94E03C82FF2FC087E4BB
:1025C0000E94BE190E94261A87E4E2CF9CEF980F62
:1025D000913AF0F290E2980F983050F4877091E0C1
:1025E00001C0990F8A95EAF7892F0E94EC19D2CF82
:1025F0009BE5980F933020F490E080E00C94583DD8
:1026000098E5980F973120F490E080E00C946E3DAF
:10261000803F20F00E9486210C94FF2108951F9393
:10262000CF93DF93182FEB010E942212209731F4F1
:10263000812FDF91CF911F910C94B9128FE99FE008
:102640000197F1F700C000002197F0CF70E060E043
:10265000893311F460E570E00C940F13882321F0A6
:102660000E94E6190C94261A0895882321F00E94EE
:10267000EC190C94261A0895BF92CF92DF92EF9234
:10268000FF920F931F93CF93DF936C01D62FC72F29
:10269000FC011281F580F2949FE0F9220E94DC197E
:1026A000E82E8823B9F0E12E1123A1F08C2F807F32
:1026B000803421F080E28D0F8830D0F08091790352
:1026C00082FD16C082E00E94771A0E94DC1991E018
:1026D000E82EE926BC2EB2948FE0B822FBE0FB1571
:1026E00008F468C0EB2DF0E0EA52F74B0C94284850
:1026F000E12CF0CF0C2F0F70C07F11F00295007FFE
:10270000112399F0002359F080E28D0F883010F0EA
:10271000D11107C0802F0E94E6190E94261A8D2F22
:1027200041C0802F0E94F619F8CF8D2F0E94B91258
:10273000002309F43FC080E28D0F883010F0D111E2
:1027400004C0802F0E94EC1903C0802F0E94FC1946
:102750000E94261A2FC00C2F0F70C07FC03211F0BC
:102760000295007FDD2381F0D13009F469C0112387
:1027700009F473C0FF2009F469C0F601858180FF68
:10278000CECF8F70858362C08091790382FF38C07D
:10279000112359F0002329F0802F0E94E6190E948E
:1027A000261A80E00E94221205C080E00E94B91221
:1027B0000111C7CFEB2DE850FF0B349720F40E9496
:1027C000E03C0E94D711EE2009F44DC10E94D819B7
:1027D00080FD49C1F60112820E94D2190E940F1693
:1027E000C6010E9454150E94D219DF91CF911F910A
:1027F0000F91FF90EF90DF90CF90BF900C941A163E
:10280000112389F0F11006C00E94091A802B0E9442
:102810002E13D0CF21E0F212F7CF0E94091A802B9D
:102820000E940F1AC7CFF11006C00E941C1A802FF9
:102830000E943513BFCF31E0F31609F4BBCFF5CFBB
:10284000112331F085E08F1508F4B4CF802FDFCF4E
:1028500094E09F1508F4AECFEACFFF2041F3D933BF
:1028600049F4FFEF27EE33E0F15020403040E1F72C
:1028700000C000008D2F0E94B9129CCF8C2F86952E
:102880008695837069F0813009F094CF8D2F9C2F4D
:102890009370111102C090E080E00E946E3D8ACFDB
:1028A0008D2F9C2F9370111102C090E080E00E9448
:1028B000583D80CF8D2F112329F00E942C210E949A
:1028C000FF2178CF0E948621FACF8C2F837079F573
:1028D000111170CF4D2F429546954770440F440F0C
:1028E0008D2F8F70042E01C0880F0A94EAF72D2FC8
:1028F0002071D4FF07C02FE030E001C0220F4A95BD
:10290000EAF72095C695C695C370822BC23049F070
:1029100058F4C13019F00E94F0154CCF0E94EB150D
:1029200049CF0E94F51546CF0E94E91543CF869501
:10293000112311F08C2F8170882309F43BCF4D2F88
:10294000429546954770440F440F8D2F8F70042E8B
:1029500001C0880F0A94EAF72D2F2071D4FF07C019
:102960002FE030E001C0220F4A95EAF72095C69586
:10297000C695C370822BC23049F058F4C13019F0AB
:102980000E94361617CF0E94311614CF0E943B16B4
:1029900011CF0E94FE150ECFCF70112329F08C2F7E
:1029A0000E940F168D2F33CF8D2F0E9435138C2F41
:1029B0000E941A16FFCED23F51F160F4D03FB9F019
:1029C000D13F81F0112309F449C0F110A8CE8C2F1A
:1029D0008F7121C0D33F11F1D43FA1F780917903CA
:1029E00082FF26C08C2F8F71112311F314C0112385
:1029F00049F084E08F1508F4DDCE8C2F8F710E9492
:102A00002616D8CE95E09F1508F4D4CEF6CF8C2F9D
:102A10008F711111CDCF0E940F16CCCE112329F04A
:102A20008C2F8F710E940716C5CE0E940416C2CE4D
:102A3000112349F0CF718C2F0E940F1663E08C2F69
:102A40000E945C1AB7CE81E00E94771AE1E0EF1590
:102A500008F0B0CE82E00E94771AACCEF110FFCE23
:102A60008C2F8F71A5CFDF91CF911F910F91FF9088
:102A7000EF90DF90CF90BF9008950F931F93CF9367
:102A8000DF93EC01688179818A810E94CC168C01E8
:102A90000E9440160E94E815B801CE01DF91CF9147
:102AA0001F910F910C943C13CF93DF93EC018B811A
:102AB0009C81892B29F08881998189238F3F59F442
:102AC000DF91CF910895CE010E943D15CE01DF9197
:102AD000CF910C94A70FCE010E9400108111F3CF6B
:102AE0000E94DC19882361F38A81882349F380914D
:102AF000790382FDE5CF82E0DF91CF910C94771AC4
:102B000090E080E00E94583D90E080E00E946E3DA1
:102B10000E94031A0E94061A0E94261A0E94A823E5
:102B20000C94FF210E94CC190C9480150E94F3197B
:102B30000C949215E92FE295EF70E250EE3070F4AC
:102B4000F0E0EE51F74B0C942848803F19F020F448
:102B5000883E20F481E00895843FE1F380E0089509
:102B6000883EC0F3813FD1F7F5CF93FB882780F9EA
:102B70000895FC01808191810E94C2160C949A15DF
:102B8000CF93DF9300D000D00F92CDB7DEB70F9078
:102B90000F900F900F900F90DF91CF910895CF93EA
:102BA000DF9300D000D000D0CDB7DEB726960FB6A9
:102BB000F894DEBF0FBECDBFDF91CF910895089589
:102BC0000C94DF150E94E015809376020C9480151A
:102BD00008950C94E21590917602892B0C94E215DD
:102BE0009091760289230C94E215909176028927C0
:102BF0000C94E2150C94DF150C94FA150E94FC1548
:102C0000809375020C94801580E00C94FE1591E081
:102C100001C0990F8A95EAF7892F0C94FE1521E0DF
:102C200030E001C0220F8A95EAF780917502822B6D
:102C30000C94FE1521E030E001C0220F8A95EAF7DE
:102C400020958091750282230C94FE1521E030E0DE
:102C500001C0220F8A95EAF78091750282270C94B1
:102C6000FE1590917502892B0C94FE1590917502BA
:102C700089230C94FE159091750289270C94FE15FA
:102C8000089523E1929F800D1124982F977041E0C1
:102C900001C0440F9A95EAF786958695869593E04C
:102CA000899FF0011124EF5AFD4F90E080E070E021
:102CB0005191DF0111979B01082E02C0369527958F
:102CC0000A94E2F7217021952527242325272C93A8
:102CD00001968330910561F7089523E1929F800D5D
:102CE0001124982F977086958695869523E0829F6C
:102CF000F0011124EF5AFD4F50E040E080E02191B7
:102D000030E0092E02C0369527950A94E2F721702B
:102D10003327042E01C0220F0A94EAF7822B4F5F5B
:102D20005F4F4330510559F70895CF92DF92FF92DC
:102D30000F931F93CF93DF936C01009175028091E5
:102D40007602082BC7E0D0E010E0FC2EC8010C2E64
:102D500002C0959587950A94E2F780FD0CC02197F3
:102D6000A0F7F12C8F2DDF91CF911F910F91FF9044
:102D7000DF90CF900895B6018C2F0E94C81D019757
:102D800071F3F0CFCF93DF93EC010E949516BE0153
:102D9000DF91CF910C94C81D1F93CF93DF93EB016C
:102DA00090915002992331F0CB01DF91CF911F9187
:102DB0000C94C216882379F0CB010E949516182F27
:102DC000682FCE010E944116BE01812FDF91CF9165
:102DD0001F910C94C81DCB010E946D16182FF4CFC3
:102DE0001F93CF93DF93C091770216E08091780212
:102DF0008C1304C0DF91CF911F910895D0E01C9FE8
:102E0000F0011D9FF00D1124E758FD4F40815181C5
:102E100062817381848195810E94CF152196C7704C
:102E2000E5CF4091A9025091AA026091AB02709146
:102E3000AC028091AD029091AE020C94CF15FF923E
:102E40000F931F93CF93DF938091AE02807FD1F4D5
:102E50008091AB028823B1F08091770210917802C3
:102E60006091A9027091AA02A091AC02B091AD024A
:102E7000062F0723C0910001D091010196E0F92EA1
:102E8000181306C0DF91CF911F910F91FF90089505
:102E900090E0109711F00F3F19F401968770F0CF72
:102EA000F89E9001F99E300D1124F901E758FD4F6D
:102EB00041814713F2CF40814613EFCF4281411148
:102EC000ECCF438154814A1B5B0B4C175D0728F7FD
:102ED0008091AE028F7080618093AE02F901E2585A
:102EE000FD4F80818F708061808389EA92E00E942B
:102EF0005415DF91CF911F910F91FF900C94F01614
:102F0000AF92BF92CF92DF92EF92FF920F931F93F7
:102F1000CF93DF93CDB7DEB761970FB6F894DEBFDE
:102F20000FBECDBF8C0185E0F801DE011D9601903A
:102F30000D928A95E1F7F801E28089EAC82E82E0D5
:102F4000D82E6091AC027091AD026115710509F443
:102F50005FC19091A9022091AA02892F82238F3FFD
:102F600009F456C140815181A380B480F090AB0236
:102F7000F501E61BF70BBF01E0910001F0910101A3
:102F8000FF2009F4F6C08091AE02382F307F6E1713
:102F90007F0708F0AFC0311179C0FE2C251323C084
:102FA000941321C0E1101FC08F7080618093AE0226
:102FB0000E941117C6010E9454158091AE02F801BB
:102FC00085838F2D61960FB6F894DEBF0FBECDBFFF
:102FD000DF91CF911F910F91FF90EF90DF90CF90F5
:102FE000BF90AF900895AB2829F0842F85238F3FA1
:102FF00009F027C180E0F82FF170DF2E80FF3CC080
:10300000809177022091780236E0821315C04D87B7
:103010005E878D859E850E94C216292F22952F706E
:103020002230F0F0243018F59F70F1F0F80195810E
:10303000907FD1F4D12C1EC090E0389FF001399FD1
:10304000F00D1124E758FD4F6181651306C06081C2
:10305000641303C062816E110FC001968770D5CFD3
:103060009F7011F0882331F3805E883018F3C80117
:103070000E945415FD2CA5CFEE2009F4A2CF80911B
:10308000AE0281608093AE02F12C9BCF251306C067
:10309000941304C0F801EE2009F487C0C8010E940F
:1030A000B915882319F1EE2009F18091AE02803222
:1030B00070F02091A9023091AA0238872F831986D7
:1030C000BB86AA868C87CE0107960E94541586E09F
:1030D000F801A9EAB2E001900D928A95E1F70E9409
:1030E0001F170E941117FF24F3946BCFC8010E9491
:1030F0005415F9CF311113C07A2DB98AA88A6E2DD3
:1031000089890E94C01589EA92E00E94541586E0E0
:10311000F60111928A95E9F70E941117B5CF251390
:103120000FC094130DC0E1100BC0F8018583C801D6
:103130000E94541586E0F60111928A95E9F741CF75
:10314000C8010E94B915882389F2EE2079F2809196
:10315000AE02803208F4BBCF2091A9023091AA02BE
:103160003A8329831B82BD82AC828E83CE01019675
:10317000ACCF6E177F0708F03EC0FE2CEE2009F49E
:10318000B5CF25132AC0941328C08091AE0280FDCC
:103190001BC0982F907FC1F0F8018583903F31F0DC
:1031A000982F907F905F8F70892B8583C8010E9434
:1031B000541586E0F801A9EAB2E001900D928A95D3
:1031C000E1F70E941117FDCE86E0F801A9EAB2E00E
:1031D00001900D928A95E1F7F4CEC8010E94B915CD
:1031E000811175CF8091AE0281608093AE02C801DB
:1031F0000E945415E6CE7A2DB98AA88A6E2D898947
:103200000E94C01586E0F60111928A95E9F7D9CFA0
:10321000EE2009F46BCFC8010E94B915F82E88235F
:1032200009F464CF86E0F801A9EAB2E001900D92BA
:103230008A95E1F789EA92E00E941D120E941F1709
:10324000C0CF81E08E25D7CE1F93CF93DF93CDB72C
:10325000DEB72C970FB6F894DEBF0FBECDBF4F83FD
:10326000588769877A878B879C87CE0107960E944B
:103270008017882369F08A859B85892B39F04F81D7
:103280005885842F85238F3F09F071C016E05FC0F9
:1032900086E0FE013796DE01119601900D928A9527
:1032A000E1F78A859B85892B89F388859F8189230E
:1032B0008F3F61F32091780230E0C9010196877059
:1032C0009927409177024817190671F40E949615C4
:1032D000109278021092770286E0E9EAF2E0DF01CC
:1032E0001D928A95E9F7D2CF96E0929FD001939FE5
:1032F000B00D1124A758BD4FFE01319601900D92DB
:103300009A95E1F7809378020E94F016BFCF819FD3
:10331000C001112487589D4F0E9480178823E9F02F
:10332000E09177021E9FF0011124E758FD4F408184
:10333000518162817381848195810E94CF15809132
:10334000770290E0019687709927809377028091A9
:103350007702909178028913DACF2C960FB6F89401
:10336000DEBF0FBECDBFDF91CF911F91089569855C
:103370007A858B859C850E94CF1588CF682F809198
:103380000201909103010C943A3E682F8091020152
:10339000909103010C94453E8091020190910301AC
:1033A0000C94503E8091AF02859585958595089542
:1033B0008091AF02877008959091AF02977081E07D
:1033C00009F480E008958091D30208959091D3028A
:1033D000892B8093D302089580959091D3029823EE
:1033E0009093D30208951092D30208959091D2023F
:1033F000892B8093D202089580959091D2029823D0
:103400009093D20208951092D20208951092D102A0
:1034100008958091B002089508950C940C1A90912B
:10342000790392FD08C09091B002981721F0809323
:10343000B0020C940D1A08958091B002882329F0EF
:103440001092B00280E00C940D1A0895E0910201F0
:10345000F09103018091D3028083E0910201F09109
:10346000030180819091D202892B8083E091020137
:10347000F091030180819091D102892B80839091FA
:10348000B002992381F0E0910201F0910301808163
:10349000892B808380910201909103010E94843DD9
:1034A00081110E941C1A80910201909103010C94D9
:1034B000EF3C08950C94591A9091790392FD10C035
:1034C00098E0899F90011124622B6093AF020E94C3
:1034D0000F168091AF028595859585950C945A1AA3
:1034E0000C940F161092AF0280E00C945A1A90912F
:1034F000AF02809589238093AF02282F277091F423
:10350000282F082E000C330B9217130659F09091B8
:10351000790392FD07C08595859585950E941A16B9
:103520000C94721A0895CF93C82F8091790382FB6F
:10353000992790F99C17E9F0C0FB82F980937903F1
:1035400080917803909179030E94F11A82E00E94A1
:10355000771A8091F10280FF0CC01F92CF9388EB05
:1035600094E09F938F930E94000F0F900F900F9005
:103570000F90CF9108958091790382FB882780F97D
:1035800091E089270C94931A81E00C94931A80E0BF
:103590000C94931A6FEF7FEF90E080E00C94BE489C
:1035A00090E080E00E949A48893E9E4F11F40C946E
:1035B000093080E0089582E090E00C948C4883E02C
:1035C00090E00C948C48CF9384E090E00E948C486B
:1035D000C82F82E290E00E948C48982F8C2FCF91C8
:1035E0000895CF93C92F682F84E090E00E94A048EF
:1035F0006C2F82E290E0CF910C94A048AB01BC010B
:103600008FE090E00C94B248AB01BC0183E190E004
:103610000C94B24860E070E0CB010C94041B60E0B5
:1036200070E0CB010E94FE1A0C940A1B69EE7EEF3B
:1036300090E080E00E94BE4860E082E090E00E945E
:10364000A04860E083E090E00E94A04810927602DB
:1036500060E084E090E00E94A04860E082E290E0B8
:103660000E94A04860E085E090E00E94A04860E0F1
:1036700086E090E00E94A0486FEF87E090E00E9413
:10368000A04840E050E0BA0188E090E00E94B248D3
:1036900060E08DE090E00E94A04840E050E0BA0178
:1036A00088E190E00E94B24860E087E190E00E94EB
:1036B000A04840E050E0BA018CE190E00E94B2489E
:1036C00070E060E080E290E00E94BE4840E050E0A0
:1036D000BA0188E190E00E94B24880E00E94223066
:1036E0000E9449300C940F1B0C94161B682F8EE01F
:1036F00090E00C94A0480E94013F6093ED0270930B
:10370000EE028093EF029093F0026093E9027093CF
:10371000EA028093EB029093EC02089585B78068EB
:1037200085BF85B7806885BF089508950895089579
:103730000C94971B0E948E1B8CE791E40E94D63C50
:103740000E94961B0C94090F81E008950C94A41B11
:10375000089508950E94A81B0C94A91B0E94EC3E9A
:103760000E9458300E94F41F80E00E943A320E946A
:10377000132D0E943E2A0C94981BCF93C82F809142
:10378000F10282FF1EC080FF1CC084ED94E00E9405
:10379000670E8091F10280FF14C01F92CF938FECCF
:1037A00094E09F938F930E94000F8091F1020F90FD
:1037B0000F900F900F9080FF04C08DEC94E00E945A
:1037C000670E8C2FCF910C94D7112F923F924F926E
:1037D0005F926F927F928F929F92AF92BF92CF92A1
:1037E000DF92EF92FF920F931F93CF93DF93CDB7AA
:1037F000DEB72D970FB6F894DEBF0FBECDBF0E9487
:103800000920682E81110E947B1B85ED92E09C8728
:103810008B8710E000E00D87802F0E94DE1E4B0199
:103820005C01EB85FC852190319041905190FC87A3
:10383000EB87281439044A045B0409F481C08091A1
:10384000F10281FD0E94E91E712CC12CD12C760160
:10385000C394282439244A245B24D201C1018C2139
:103860009D21AE21BF21892B8A2B8B2B09F460C0AF
:103870000E94A61B8823D1F07E82FD85FF838C20C9
:103880009D20AE20BF2081E089288A288B2809F45A
:1038900080E088870E94F53E8160782F9A8789872B
:1038A0004E815F8168858A850E94DF11000F111F9C
:1038B000000F111FF801EB52FD4F80819181A28111
:1038C000B3818C259D25AE25BF2580839183A2835E
:1038D000B3830E942A2B0E94292F0E94ED3461108D
:1038E0000E948C330E949C220E94E03C9091D40262
:1038F0008917E9F10E94E03C8093D4022D960FB61F
:10390000F894DEBF0FBECDBFDF91CF911F910F9115
:10391000FF90EF90DF90CF90BF90AF909F908F90EF
:103920007F906F905F904F903F902F900C94BD1BB5
:103930007394CC0CDD1CEE1CFF1C83E178128DCF40
:103940000F5F1F4F0530110509F065CF8FEF898399
:103950008A831B820E94F53E8160782F9D838C8331
:1039600049815A816B818D810E94DF11B2CF2D96E2
:103970000FB6F894DEBF0FBECDBFDF91CF911F9180
:103980000F91FF90EF90DF90CF90BF90AF909F90FE
:103990008F907F906F905F904F903F902F90089501
:1039A000CF93DF930E94CC1DEC01811521E5920796
:1039B00008F042C0811530E5930708F09DC0883EAD
:1039C000910530F5803E910508F092C0883A910546
:1039D00088F4853A910508F084C08130910509F496
:1039E00087C0009709F484C0049708F081C0D0E034
:1039F000C0E07EC08F3B9105D0F7C85AD0E0CC0F15
:103A0000DD1FCA59DE4F0990D881C02DD46470C023
:103A10008115904250F4C11581E0D80708F068C0C4
:103A2000C03FD10520F3D06563C0C11590E4D9072C
:103A3000F0F2DF70D06A5CC0811525E5920700F5D1
:103A4000811534E5930708F08BC0811543E5940791
:103A500008F073C0C11582E5D80708F469C0CE012B
:103A60008370992721E030E002C0220F331F8A952E
:103A7000E2F7C695C69580E2C89FE001112454C0C4
:103A8000C11599E5D907A8F4C11528E5D20708F0B2
:103A90006CC0C11536E5D30708F0A9CF8C2F0E9462
:103AA000631EC82FD0E0DC2FCC27CC27DF71D0627B
:103AB0001FC0C1154AE5D40708F45CC0CE0190567A
:103AC0008115904208F093CF8D2F8F710E94631E55
:103AD00090E0982F882788279F719C012C2BE90163
:103AE000E6CFC55AD0E0CC56DE4FC881D0E0D064D6
:103AF000CE01DF91CF910895E4E096958795EA9500
:103B0000E1F783702C2F26952695237040E2249FA1
:103B100090011124382B8C2F8370C1E0D0E002C0BB
:103B2000CC0FDD1F8A95E2F7C22BD32BDC68E0CFE8
:103B3000DC2FCC27C16FD06ADBCF8370992721E0BF
:103B400030E002C0220F331F8A95E2F7C695C69572
:103B500090E2C99FE0011124C22BD32BDA68C8CFB1
:103B6000D82FCC27C46FD06AC3CFDC2FCC27C06F2F
:103B7000D06ABECF8C2F8F700E94631E34E0D69522
:103B8000C7953A95E1F7CF709C2FEC01D069B0CF83
:103B90000E941C3A0C94D01C82389105B1F1B0F40B
:103BA0008133910509F475C048F48932910509F40F
:103BB00069C08A32910509F473C00895853391056F
:103BC00009F459C08933910501F10895833E9105A7
:103BD000A9F138F4803E9105F9F0823E910549F152
:103BE0000895863E9105A9F1873E9105C9F1843E6D
:103BF000910519F52091790321FF1FC08091780369
:103C000084FD14C087EE90E008952091780323701E
:103C1000A1F080EE90E008952091780320FD47C048
:103C20003091790330FF09C024FF44C090E080E068
:103C300004C02091780322FDF7CF089520917803E6
:103C400022FD3BC03091790330FDE3CF24FFF5CF57
:103C5000EDCF2091780323FFF0CF24FDE7CFD2CF23
:103C60002091780323FD2CC03091790331FFEECFF2
:103C700084EE90E008952091780325FFDECF89E25D
:103C800090E008952091780325FFD7CF85E390E059
:103C900008952091780326FFD0CF8AE290E008951E
:103CA0002091780326FFC9CF81E390E0089589E34E
:103CB00090E0089583EE90E0089582EE90E00895FC
:103CC00086EE90E008959091780392FF06C0282F29
:103CD00028712830F9F4877F846093FF06C0282F6D
:103CE00028712831F1F4877E84612091790320FFC7
:103CF00006C0382F38713830D9F4877F816021FFB2
:103D000006C0282F28712831D1F4877E816194FD67
:103D1000877E0895282F24712430F9F68B7F8860E0
:103D2000DCCF282F2471243101F78B7E8861DDCF11
:103D3000382F3171313019F78E7F8860E0CF282F0E
:103D40002171213121F78E7E8861E1CF0C94CA1A4E
:103D50000E9409208FE39CE90197F1F700C0000061
:103D60000E94092080E00E94DE1E60FF04C00E94C5
:103D7000A61E0C94403F08950C94A81E0E94D01AD1
:103D8000811102C00E94741B0E94DB1A8093F10211
:103D90000E94E31A90937903809378030E94BC1EDB
:103DA0000E94DF1A0E94E915809175020C94FC159F
:103DB00008950C94D81E08950C94DB1E94E0899FFE
:103DC000F0011124E257FC4F60817181828193815F
:103DD0000895CF92DF92EF92FF920F931F93CF93AC
:103DE000DF9388EF94E00E94670E8EE8E82E83E070
:103DF000F82ED0E0C0E093EFC92E94E0D92E09EE62
:103E000014E0DF93CF93DF92CF920E94000F80EFF8
:103E100094E00E94670EF7016191719181919191F7
:103E20007F010E948E119F938F937F936F931F93B7
:103E30000F930E94000F87EE94E00E94670E219678
:103E40008DB79EB70A960FB6F8949EBF0FBE8DBF72
:103E5000C530D105B1F6DF91CF911F910F91FF9041
:103E6000EF90DF90CF90089580EA8A95F1F708955A
:103E700000C008950C94341FF894E82FE295EF7079
:103E8000F0E031A1282F2F7081E090E001C0880F71
:103E90002A95EAF7982F9095932391A392A1892BC5
:103EA00082A3789408950F931F93CF93DF93CAEA68
:103EB000D1E089918F3F11F00E943C1F81E0CF3A01
:103EC000D807B9F7C7E9D1E00AEA11E089918F3F35
:103ED00011F00E943C1F0C171D07C1F7DF91CF9115
:103EE0001F910F9108958F929F92AF92BF92DF9290
:103EF000EF92FF920F931F93CF93DF938C01D62EF7
:103F0000C62FD0E0CE0186559E4F7C01FC0120815A
:103F10002F3F09F45DC0F894E22FE295EF70F0E0D6
:103F200031A12F7081E090E001C0880F2A95EAF757
:103F3000932F982B91A392A18095892382A37894A3
:103F40000E94381FE7E9F1E041E050E060E070E0F6
:103F5000812C912C540181918F3F89F0A82FA2953B
:103F6000AF70B0E090962C9130E08F7002C0359524
:103F700027958A95E2F7DB01CA0120FF03C080E0A4
:103F800090E0DC01882A992AAA2ABB2A440F551FEF
:103F9000661F771F81E0EA3AF807E9F6F7018081AA
:103FA0008F3F11F00E943C1F61E081149104A10435
:103FB000B10409F460E08D2D0E943A1FCC0FDD1F83
:103FC000CC0FDD1FC00FD11F88829982AA82BB82CD
:103FD000DF91CF911F910F91FF90EF90DF90BF90F5
:103FE000AF909F908F9008950E94531F84E1EEE858
:103FF000F3E0DF01982F1D929A95E9F7EAE7F3E0E5
:10400000DF011D928A95E9F785E00E9454200C9407
:10401000D80FFF920F931F93CF93DF93CDB7DEB7E7
:1040200064970FB6F894DEBF0FBECDBF8E010F5F51
:104030001F4F84E1F80111928A95E9F7F12C6F2D59
:10404000C8010E94731FF394F5E0FF12F8CF44E11A
:1040500050E0B8018AE793E00E947F48FF24F39480
:10406000009709F4F12C892B41F084E1F801AAE7CB
:10407000B3E001900D928A95E1F72F2D45E06EE8AF
:1040800073E08AE793E00E9455200E94E00F8F2D95
:1040900064960FB6F894DEBF0FBECDBFDF91CF910F
:1040A0001F910F91FF9008950895FF920F931F9312
:1040B000CF93DF93F82ED92F8B01C42F222349F001
:1040C00081E08093F4020E94F53E9093F302809386
:1040D000F2028091F402882399F08091F20290918B
:1040E000F3020E940D3F059758F0EF2DFD2FD801E8
:1040F00090E080E0D0E08C179D0744F01092F4022D
:10410000DF91CF911F910F91FF900895019111912F
:10411000219131910D931D932D933D930196EBCFFA
:104120000E94F7410E94AE1B0C9403420E9407427A
:104130000E94E51B0C9425420E947C3E0E94DE41B9
:104140000E949A1B0E9490200E9496200E94AA1B07
:10415000FBCF8091FB0280FF12C06091090185E0D6
:10416000689FB001112475956795759567956038BE
:104170007105A8F561157105A1F1862F089581FFDC
:1041800009C06091090185E0689FB001112475950F
:104190006795EDCF6091090182FD0AC08091FA0216
:1041A0008823D1F09091080160910901891728F0C6
:1041B00085E0689FB0011124DACF869FB0011124F9
:1041C00085E0869F9001879F300D1124692F70E054
:1041D000C9010E94F247CBCF65E070E0CECF8FE7F8
:1041E000089581E008958091FB0280FF0CC06091EA
:1041F000050170E075956795759567956115710571
:1042000049F1862F089581FF06C06091050170E095
:1042100075956795F3CF6091050182FD0BC0909174
:10422000F9029923A1F0609104018091050196178C
:1042300038F0682F70E06038710500F38FE708955B
:10424000899FC001112470E00E94F247F4CF61E021
:1042500070E0D7CF81E00895803F31F40E94A9201B
:1042600081958093FF020895813F19F40E94A9204F
:10427000F8CF823F31F40E94A92081958093FE02FD
:104280000895833F19F40E94A920F8CF893F29F4AB
:104290000E94F3208093000308958A3F21F40E9436
:1042A000F3208195F7CF8B3F31F40E94F320819565
:1042B0008093010308958C3F19F40E94F320F8CFF6
:1042C0009CE0980F953070F4845F990B21E030E00A
:1042D00001C0220F8A95EAF78091FD02822B80931C
:1042E000FD0208958D3F31F48091FB02816080933F
:1042F000FB0208958E3F21F48091FB028260F7CF8C
:104300008F3FB9F78091FB028460F1CF4091FE02AC
:10431000803F59F48091FF0287FF0DC01092FF0289
:1043200041110BC01092FA0208C0813F81F48091C4
:10433000FF0218169CF3442381F0809100039091B2
:104340000103892B09F05AC01092F9020895823FA7
:1043500049F447FFF0CF1092FE028091FF028111D5
:10436000ECCFE0CF833F19F41416ACF3E4CF909177
:104370000003893F29F41916F4F610920003DBCFED
:104380008A3F19F497FFD7CFF8CF909101038B3F65
:1043900029F497FFD0CF10920103CDCF8C3F19F4B1
:1043A0001916CCF3C8CF9CE0980F953090F4845F39
:1043B000990B21E030E0B90102C0660F771F8A95A2
:1043C000E2F7CB0180959091FD0289238093FD0255
:1043D000B2CF8D3F31F48091FB028E7F8093FB0240
:1043E000AACF8E3F21F48091FB028D7FF7CF8F3FC4
:1043F00009F0A1CF8091FB028B7FF0CF08958091CF
:10440000F10283FF7EC086E495E00E94670E8091F2
:10441000FD021F928F9381E495E09F938F930E94FA
:10442000000F8FE395E00E94670E8091FE02282F17
:10443000082E000C330B3F938F938CE395E09F93F2
:104440008F930E94000F8AE395E00E94670E80918F
:10445000FF02282F082E000C330B3F938F9387E326
:1044600095E09F938F930E94000F85E395E00E9453
:10447000670E80910003282F082E000C330B3F930A
:104480008F9382E395E09F938F930E94000F80E3C8
:1044900095E00E94670E80910103282F082E000CE2
:1044A000330B3F938F938DE295E09F938F930E9400
:1044B000000F8AE295E00E94670E8091FA021F9237
:1044C0008F9387E295E09F938F930E94000F85E280
:1044D00095E00E94670E8091FB021F928F9382E20B
:1044E00095E09F938F930E94000F8FE195E00E94CB
:1044F000670E8DB79EB74C960FB6F8949EBF0FBE51
:104500008DBF0E94F53E9C019091FE028091FF02BA
:10451000982B21F03093F8022093F702909100033A
:1045200080910103982B21F03093F6022093F5023D
:104530008CEF92E00C944A3DEF92FF920F931F9301
:10454000CF93DF9300D000D000D0CDB7DEB786E0A8
:10455000ECEFF2E0DE01119601900D928A95E1F701
:10456000E090FE02F090FF02009100031091010321
:104570001092FE021092FF021092000310920103AB
:104580008E2D8F2991F08091F7029091F8020E9470
:104590000D3FAC019091FA02992309F43FC080913C
:1045A0000A018417150608F447C0802F812B91F06B
:1045B0008091F5029091F6020E940D3FAC0190911E
:1045C000F902992309F477C0809106018417150632
:1045D00008F47FC08091FE029091FF02892B909198
:1045E0000003892B90910103892B11F00E94FF2178
:1045F00086E0FE013196ACEFB2E001900D928A9513
:10460000E1F726960FB6F894DEBF0FBECDBFDF915F
:10461000CF911F910F91FF90EF90089520910B0182
:104620008AE0289F900111242417350708F0BDCF98
:104630009F5F9093FA0202C09F3FD1F7EE2059F09E
:104640000E94A9209FEF1E140CF491E0899F802DF9
:1046500011248093FE02FF2059F00E94A9209FEFB1
:104660001F140CF491E0899F802D11248093FF0288
:104670003091FE02332309F498CF2091FF022223C8
:1046800009F493CF45EB3403C0011124992359F069
:104690009093FE0245EB240390011124332339F05B
:1046A0003093FF0282CF81E08093FE02F3CF81E05E
:1046B0008093FF027ACF209107018AE0289F900122
:1046C00011242417350708F085CF9F5F9093F902D6
:1046D00002C09F3FD1F7002359F00E94F3209FEFC3
:1046E00010160CF491E0899F802D11248093000313
:1046F000112359F00E94F3209FEF11160CF491E062
:10470000899F802D1124809301033091000333236E
:1047100009F460CF20910103222309F45BCF45EB1C
:104720003403C0011124992359F09093000345EB01
:10473000240390011124332339F0309301034ACF2D
:1047400081E080930003F3CF81E08093010342CFA7
:1047500086E0ECEFF2E0DF011D928A95E9F7109216
:10476000FA021092F9021092FB020895EF92FF9262
:104770000F931F93CF93DF93EB01E82FD11110C05C
:10478000442321F0F0E0E359F44FE4916E2F7E2FA3
:104790008E2FDF91CF911F910F91FF90EF90089591
:1047A0000D2F10E0282F30E0442329F02359344FF7
:1047B000F901249130E0F6E0CF9FC0011124EFEF22
:1047C000F0E0BF010E94DE47AB018C2F90E0880F24
:1047D000991FA5E5A49FB001A59F700D1124861B0C
:1047E000970B982F990F980FBF01601B710B629F59
:1047F000D001639FB00D729FB00D11248B2F9D9F30
:10480000B0011124672F7727EF01C61BD70BBE011C
:10481000629FE001639FD00D729FD00D11247F0134
:10482000E91AF108E09EB001E19E700DF09E700D56
:104830001124672F7727E61BF70BE29F8001E39F88
:10484000100DF29F100D1124E12F722F42305105EF
:1048500099F048F44115510569F04130510581F056
:10486000EB2F8D2F07C04430510569F080F04630A2
:104870005105B1F76E2F8DCFE22F7B2F812FFACF0D
:10488000E22F7D2FF7CFEB2F822F712FF3CF7B2FCE
:10489000822FED2FEFCF41E00C94B62308950C94B6
:1048A0004B24CF93DF93762FE901682F842F0E944A
:1048B0004F24798368838A83DF91CF910895809113
:1048C000A203982F9E7F29F4817082608093A203B7
:1048D00008958A34E8F381708864F8CF88E090E026
:1048E0000C949448CF92DF92EF92FF926B017C017F
:1048F0000E945F24B701A60188E090E0FF90EF904E
:10490000DF90CF900C94B2486091A2037091A30302
:104910008091A4039091A5030C947224E2EAF3E041
:1049200083E0808311828FEF82838383148260818E
:104930007181828193810C9472248091F10280FFB5
:1049400076C085EE98E09F938F930E94000F809130
:10495000F1020F900F9080FF6AC08091A2038170D6
:104960001F928F9388EC98E09F938F930E94000F83
:104970008091F1020F900F900F900F9080FF57C021
:104980008091A20386951F928F938DEA98E09F9362
:104990008F930E94000F8091F1020F900F900F9063
:1049A0000F9080FF44C08091A3031F928F9383E9EF
:1049B00098E09F938F930E94000F8091F1020F90D7
:1049C0000F900F900F9080FF32C08091A4031F9230
:1049D0008F9389E798E09F938F930E94000F8091B7
:1049E000F1020F900F900F900F9080FF20C08091E8
:1049F000A5031F928F938FE598E09F938F930E945A
:104A0000000F8091F1020F900F900F900F9080FF98
:104A10000EC08091A6031F928F9383E498E09F932A
:104A20008F930E94000F0F900F900F900F9008959A
:104A30008091A20380FF02C08695089580E00895CA
:104A40009091A603933018F49F5F9093A603882358
:104A500051F06091A2037091A3038091A4039091FF
:104A6000A5030C947224089581E00C942025909164
:104A7000A603992319F091509093A603882351F02F
:104A80006091A2037091A3038091A4039091A50368
:104A90000C947224089581E00C9437258091A6032C
:104AA00008958093A6036623E9F06091A2037091B4
:104AB000A3038091A4039091A5030E947224809186
:104AC000F10280FF0EC08091A6031F928F938EEBA0
:104AD00095E09F938F930E94000F0F900F900F907F
:104AE0000F9008959091F10290FFFBCF1F928F934A
:104AF0008BE995E0EECF60E00C9451258091A30303
:104B000008958091A40308958091A503089570E00D
:104B10000C94DD2F609110018091A20380FF0AC0E8
:104B200080910F0123E0829FC001112489559C4F81
:104B30000C948725809111019091120123E0829FAE
:104B4000F0011124E955FC4F891750F711821082AA
:104B500012828F5F3396F8CF9091A20390FF14C01A
:104B6000909111012091120133E0939FF0011124E3
:104B7000E955FC4F921710F00C948A2581836083CD
:104B800042839F5F3396F6CF0895CF93DF9300D093
:104B90000F92CDB7DEB79091A20390FF0AC09E019D
:104BA0002F5F3F4F0E9451244B8169818A810E946F
:104BB000AC250F900F900F90DF91CF910895CF9378
:104BC000DF93EC01EC81F0E0E05FF64F4491E2EA24
:104BD000F3E0628181810E94C5258C818F5F8C8387
:104BE000DF91CF910895CF93DF93EC01E2EAF3E0F8
:104BF000438162818C810E94C5258C818F5F8C836B
:104C0000DF91CF9108950F931F93CF93DF9300D03F
:104C10000F92CDB7DEB78C018091020381110AC0DB
:104C20009E012F5F3F4F4FEF6FEF0E9451248A810B
:104C300080930203F8016481613069F0809102037E
:104C400040E0662361F040E0623011F440910203DD
:104C500080E060E004C06091020340E080E00E94D8
:104C6000AC25F801848190E0019663E070E00E9439
:104C7000F24784830F900F900F90DF91CF911F9197
:104C80000F9108954F925F926F927F928F929F92B1
:104C9000AF92BF92CF92DF92EF92FF920F931F934A
:104CA000CF93DF9300D00F92CDB7DEB7182FD62E5B
:104CB000042F722E9091A20390FF46C0E92FE69533
:104CC000AE2FB0E0A155BE4F8C9180930C039E7F18
:104CD000923009F04DC09E012F5F3F4F812F0E94FF
:104CE00051244B8169818A810E94AC251093A303D2
:104CF000D092A4030093A503772009F49CC060918F
:104D0000A2037091A3038091A4039091A5030E9434
:104D100072248091F10280FF17C08091A5031F9239
:104D20008F938091A4031F928F938091A3031F926E
:104D30008F9386E096E09F938F930E94000F0FB6AB
:104D4000F894DEBF0FBECDBF0F900F900F90DF9194
:104D5000CF911F910F91FF90EF90DF90CF90BF9078
:104D6000AF909F908F907F906F905F904F9008953D
:104D7000823019F40091A503B9CF863019F410914F
:104D8000A303B4CF8930D9F3893109F0AFCFE9510A
:104D90008E2F8170682E8E2F80958170C82EE6959B
:104DA000F0E0E05FF54FE590F490412CFF249BE2AA
:104DB000A92E96E0B92E60911301461618F00E94B4
:104DC0008A2594CF842C912C8E9CC0018F9C900DB1
:104DD0009E9C900D112470E00E94DE47512E6110C0
:104DE00028C0560E8091F10280FF11C0FF92EF9211
:104DF0001F92CF921F925F921F924F92BF92AF92DB
:104E00000E94000F0FB6F894DEBF0FBECDBF2091F9
:104E10001101820E911C9401220F331F280D391DA0
:104E200029553C4F402F6D2D852D0E9451244394D0
:104E3000C2CF561AD7CF8091F10280FF85CF1F9243
:104E40000F931F92DF921F921F938FED95E073CF08
:104E5000E2EAF3E09181282F4381628185E0890FA6
:104E60000C94422681E00C942827E2EAF3E0918139
:104E7000282F438162818BEF890F0C94422681E0B9
:104E80000C943527E2EAF3E062812AE0620F08F42D
:104E90006FEF282F438181810C94422681E00C948E
:104EA0004227E2EAF3E062812AE0621B08F460E054
:104EB000282F438181810C94422681E00C94512754
:104EC000E2EAF3E043812AE0420F08F44FEF282F93
:104ED000628181810C94422681E00C946027E2EA91
:104EE000F3E043812AE0421B08F440E0282F62816E
:104EF00081810C94422681E00C946F2720E00C9471
:104F00004226EF92FF921F93CF93DF93EC0110E0C4
:104F1000EE24EA94F12C60911301161770F00E94B0
:104F20008A259A818C8190FF27C08F5F8C83DF91C7
:104F3000CF911F91FF90EF90089520911101422F82
:104F4000410F5527551FCA019A01220F331F280F01
:104F5000391F29553C4F70E0C7010E94F247962F38
:104F60008C814091A5036091A403199F800D1124A9
:104F70000E9451241F5FCFCF8150D8CFAF92BF92F4
:104F8000CF92DF92EF92FF920F931F93CF93DF9315
:104F9000FC0182810FEF80FF01E010E04EE1A42EC2
:104FA000809113011817C8F00E948A25809104038C
:104FB000013009F055C0811102C080911301815068
:104FC00080930403DF91CF911F910F91FF90EF9099
:104FD000DF90CF90BF90AF900895C0911101C12E86
:104FE000D12CCC0DDD2DD11DCE01880F991FC80FFE
:104FF000D91FC955DC4F198218821A8234E0E32E7A
:10500000F12CB12C809104038B0D8F311CF16A2D92
:105010000E94D047892F082E000C990BC816D9067C
:1050200091F48091A5038E9DA0018F9D500D1124B8
:1050300055954795559547959E016091A40380919C
:10504000A3030E945124B00EF1E0EF1AF108D1F64B
:105050001F5FA6CF87FFDFCF90911301890FDBCFB2
:1050600090E001966091130170E00E94F247A8CF92
:105070000F931F93CF93DF938091110190911201B1
:1050800023E0829FF0011124E955FC4F891740F17C
:10509000C0E0D3E060911301C61740F10E948A2559
:1050A00020910D0180910303820F8093030390915F
:1050B0000E01920F90930E01191654F4082E000C55
:1050C000990B409113014150550B841795071CF023
:1050D000219520930D01DF91CF911F910F9108959C
:1050E0001182108212828F5F3396D0CF0C2F10E086
:1050F00070E0C8010E94F24720911101820F482FF1
:1051000050E020910303022E000C330B021713070B
:10511000BCF020910E01022E000C330B201731073A
:105120007CF08D9F9001112429553C4F4091A5039F
:105130006091A4038091A3030E945124CF5FAACF62
:10514000FA01EE0FFF1FE40FF51FE955FC4F118226
:1051500010821282F3CF8F929F92AF92BF92CF9222
:10516000DF92EF92FF920F931F93CF93DF93EC01A7
:105170004C81042F10E09801D8010E9440489B0107
:10518000AC010E9456484B015C01E0E2F0E0E01BFC
:10519000F10BA5E5B0E0AC019B010E9456486B0104
:1051A0007C019F01DF010E9438489B01AC010E94F5
:1051B00061489B01AC01280D391D4A1D5B1DC701CB
:1051C000B6010E940648F22E822F90E039E23F1588
:1051D00060F143E0249F9001112435952795122F0B
:1051E000109500E085E5E82EEF188091130108176F
:1051F00058F10E948A259C8181E0992319F0903210
:1052000019F48FEF80930C0180910C01890F8C832E
:10521000DF91CF911F910F91FF90EF90DF90CF9092
:10522000BF90AF909F908F90089525E530E0B90131
:10523000681B790B9B01220F331F260F371F37FF87
:10524000CCCF2F5F3F4FC9CF8E2D01FD8F2D2091E9
:105250001101622F600F7727771F9B01220F331FE9
:10526000260F371F29553C4F412F6091A4030E9400
:1052700051240F5FBACF0F931F93CF93DF93EC01AD
:1052800010E000E0909113019017110609F06CF402
:105290000E948A258C8190E00196817099278C83E9
:1052A000DF91CF911F910F91089520911101A801D5
:1052B000420F511D9A01220F331F240F351F29550C
:1052C0003C4F4C816091A4038091A3039695901765
:1052D000110651F04CF0442349F04091A5030E947F
:1052E00051240F5F1F4FCECF4423B9F340E0F7CFD7
:1052F0006091A203669570E04BE050E084E191E09C
:105300000E947248892B19F481E080930D030E945A
:10531000F53E90930603809305038091F10280FF90
:1053200008C082E895E09F938F930E94000F0F9032
:105330000F90089510920D038091F10280FF08C034
:1053400089E695E09F938F930E94000F0F900F9036
:1053500008959091A20390FF54C0917081113BC0B9
:1053600092609093A2036623E9F16091A203709189
:10537000A3038091A4039091A5030E9472248091BD
:10538000F10280FF0FC08091A20386951F928F9338
:1053900089E897E09F938F930E94000F0F900F90E2
:1053A0000F900F906091A203669570E04BE050E083
:1053B00084E191E00E947248892B01F10E949A29B0
:1053C00081E0809308034091A5036091A40380913C
:1053D000A3030C947E27853210F09864C2CF880F07
:1053E000982BBFCF8091F10280FFDCCF8091A20388
:1053F00086951F928F938BE697E0CCCF0E947829F9
:10540000DFCF0895682F9091A203969581E0890FD0
:10541000853208F081E00C94A92981E00C94022ADD
:10542000682F9091A20396958FEF890F09F484E27B
:105430000C94A92981E00C94102A61E00C94A9290C
:105440008091A20381608093A2038091F10280FF8A
:105450000DC01F9281E08F938DEF96E09F938F9305
:105460000E94000F0F900F900F900F908091A20359
:1054700086950C941D2A60E00C94A92980910B0359
:10548000811160C08091F10280FF14C08CE298E02D
:105490009F938F930E94000F8091F1020F900F90C5
:1054A00080FF08C086E198E09F938F930E94000FD1
:1054B0000F900F900E94D01A811110C08091F102BC
:1054C00080FF08C08EEE97E09F938F930E94000F9D
:1054D0000F900F900E94741B0E948E240E946E24D5
:1054E0006093A2037093A3038093A4039093A503F6
:1054F0006E7FC1F48091F10280FF08C085EA97E0D9
:105500009F938F930E94000F0F900F900E948E2404
:105510000E946E246093A2037093A3038093A4035C
:105520009093A5030E945F240E949D2410920D0376
:105530008091A20380FF03C086950E943B2A81E0F0
:1055400080930B0308958091A20381608093A2034E
:105550008091F10280FF0DC01F9281E08F9384EC57
:1055600096E09F938F930E94000F0F900F900F90E3
:105570000F908091A20386950C943B2A8091A20300
:105580008E7F8093A2036091A2037091A303809108
:10559000A4039091A5030E9472248091F10280FFE0
:1055A0000FC08091A20381701F928F938CE896E0C8
:1055B0009F938F930E94000F0F900F900F900F906A
:1055C0000E949A292FEF80E792E02150804090407E
:1055D000E1F700C000000C948A258091F10280FF61
:1055E00010C08091A203809581701F928F9384E3F5
:1055F00097E09F938F930E94000F0F900F900F9052
:105600000F908091A20380FD0C94BE2A0C94202A56
:105610008091A2038E7F8093A2038091F10280FF8C
:105620000CC01F921F9282E596E09F938F930E9479
:10563000000F0F900F900F900F900E949A292FEF5C
:1056400080E792E0215080409040E1F700C00000E8
:105650000C948A250F931F93CF93DF9380910D03B2
:10566000882309F486C080910C03E091A203E6959B
:10567000E81BE0930703823091F5F0E0E45FF64F1A
:10568000E491CE2FD0E00FED15E28091080388233E
:1056900061F0109208030E94F53E909306038093F8
:1056A000050310920A03109209030E94F53EE0914F
:1056B0000503F09106038E1B9F0B8F3F9F4708F059
:1056C00058C0EC0FFD1FF0930603E093050385E03F
:1056D00093E0F801DF91CF911F910F9109948630EB
:1056E00049F4F0E0E75FF64FE491CE2FD0E003EF0E
:1056F00015E2CBCF893051F4E695F0E0EA5FF64F42
:10570000E491CE2FD0E001E817E2BFCF8F3051F403
:10571000E695F0E0ED5FF64FE491CE2FD0E00EEB92
:1057200017E2B3CF853149F4F0E0E050F74FE49150
:10573000CE2FD0E008E318E2A8CFC8E2D0E00BEA11
:1057400018E2883109F4A1CF833239F4EEEFF8E0A2
:10575000C591D49103E016E298CFC4EFD1E00BE3FA
:1057600019E2843209F491CFC0EDD7E00EE414E2DF
:105770008CCFDF91CF911F910F910895FA01811184
:1057800001C0FB010994CF93DF93C82FD62F0E944D
:1057900018258C1740F00E9418258D1720F4DF91F2
:1057A000CF910C940D2A8C2FDF91CF910C941D2A50
:1057B0001F93CF93DF93EC01FB011281112309F4B6
:1057C000C0C00E94E3198272CC3CFCE5DF0709F4FB
:1057D0009CC008F044C0C63CECE5DE0709F481C07B
:1057E000F0F4C33C9CE5D90709F471C048F4C23C0D
:1057F000DC4509F469C0812FDF91CF911F91089595
:10580000C43C9CE5D90709F467C04FE357E262E363
:1058100077E2C53CDC4579F70E94BE2B53C0C93CFA
:10582000FCE5DF0709F467C068F4C73CECE5DE0778
:1058300009F45CC04EE457E26DE577E2C83CDC4514
:1058400059F3D9CFCA3C9CE5D90709F459C04BE4B8
:1058500055E264E375E2CB3CDC45F1F2CCCFC13DCF
:10586000FCE5DF0709F462C098F4CE3C9CE5D9075B
:1058700009F454C008F44EC0CF3CFCE5DF0709F43E
:1058800052C0C03DDC4509F0B6CF6EE089E048C0AB
:10589000C43D9CE5D90709F44FC058F4C23DFCE56E
:1058A000DF0709F446C0C33DDC4509F0A4CF88E119
:1058B00032C0C53D9CE5D90709F441C0CD35DD4571
:1058C00009F099CF10E097CF0E94ED2AFBCF4AE173
:1058D0005AE26DE07AE2A0CF4DE05AE26AE17AE264
:1058E0009BCF42E357E26FE377E296CF4DE557E275
:1058F0006EE477E291CF4BE757E26CE677E28CCF2C
:105900004CE657E26BE777E287CF44E355E26BE47E
:1059100075E282CF81E00E941D2AD4CF65E082E04B
:105920000E94C32BCFCF68E086E0FACF64E18FE01E
:10593000F7CF67E185E1F4CF62E289E1F1CF83E25D
:10594000EACF11E058CF86E090E00C948C48682FA5
:1059500086E090E00C94A048809101040C94A72C60
:10596000E1E0F4E080818470896180830C94A72C4D
:10597000809101048695869586950895809101040D
:1059800081FD13C08260809301040E94A72C809146
:10599000F10280FF08C082E39AE09F938F930E94F8
:1059A000000F0F900F900C942A2F089580910104FE
:1059B00081FF13C08D7F809301040E94A72C8091EA
:1059C000F10280FF08C085E19AE09F938F930E94C7
:1059D000000F0F900F900C94362F0895CF93C09125
:1059E0000104C695C1708091F10280FF0CC01F9226
:1059F000CF938EE49AE09F938F930E94000F0F90B5
:105A00000F900F900F90CC2319F0CF910C94D62CBF
:105A1000CF910C94BE2C80910104869581700895DD
:105A200080911F0108950E94D01A811104C00E9424
:105A3000741B0E94B02C0E94A32C8093010480321E
:105A400020F0877088618093010490910104892F70
:105A5000817090FF04C0892F8695869586950C9459
:105A6000FE2E80910104982F9695969596959330E9
:105A700040F49F5F990F990F990F8770892B80933E
:105A80000104809101048160809301040E94A72C8D
:105A90008091F10280FF11C0809101048695869566
:105AA00086951F928F9385ED9AE09F938F930E9426
:105AB000000F0F900F900F900F908091010486952A
:105AC000869586950C94FE2E80910104982F987FE0
:105AD00079F0885080930104887F91E009F490E088
:105AE0008091010490FB80F9809301040E94A72C0F
:105AF0008091F10280FF11C0809101048695869506
:105B000086951F928F938DEB9AE09F938F930E94BF
:105B1000000F0F900F900F900F90809101048695C9
:105B2000869586950C94FE2E8091010480FD1FC001
:105B3000816080930104813019F489E0809301042D
:105B4000809101040E94A72C8091F10280FF08C07F
:105B500085E99AE09F938F930E94000F0F900F901A
:105B6000809101048695869586950C94FE2E089565
:105B70008091010480FF14C08E7F809301040E94F5
:105B8000A72C8091F10280FF08C082E89AE09F93E1
:105B90008F930E94000F0F900F9080E00C94FE2EC8
:105BA0000895CF93C0910104C1708091F10280FFEC
:105BB0000CC01F92CF9387EA9AE09F938F930E9425
:105BC000000F0F900F900F900F90CC2319F0CF91F2
:105BD0000C94B82DCF910C94942D90910104892FA1
:105BE0008695869586958F5F8F719770843080F546
:105BF000880F880F880F892B8093010480910104FE
:105C0000887F91E009F490E08091010490FB80F995
:105C1000809301040E94A72C8091F10280FF11C0A3
:105C2000809101048695869586951F928F938EE6C6
:105C30009AE09F938F930E94000F0F900F900F9008
:105C40000F90809101048695869586950C94FE2E82
:105C500090930104D3CF843008F083E09091010445
:105C60009770282F220F220F220F922B909301045E
:105C7000987F21E009F420E09091010420FB90F945
:105C8000909301040C94FE2E0E942B2E809101040F
:105C90000C94A72CFC01DB0112968C918823F9F05F
:105CA000EB5BFC45E730F105D8F4E051F74B0C9481
:105CB000284883E00E94442E80E0089580E0FACFD7
:105CC0000E94642DF9CF0E94312DF6CF0E94D12D74
:105CD000F3CF0E94ED2DF0CF0E94EE2CEDCF81E0AE
:105CE0000895269A2E9808952E9808958F929F923F
:105CF000AF92BF92CF92DF92EF92FF920F931F93DA
:105D0000CF93DF938C0180918600909187006CE0A7
:105D100070E00E94DE476017710798F0C80169E0E3
:105D200070E00E94DE47CB01DF91CF911F910F9170
:105D3000FF90EF90DF90CF90BF90AF909F908F90AB
:105D400008958091860090918700E0908600F09001
:105D50008700C0908600D0908700C6E0D0E0BE01EA
:105D60000E94DE4730E020E0060F171F211D311D85
:105D70004801590185E0880C991CAA1CBB1C8A9516
:105D8000D1F7C701BE010E94DE47F12CE12CA7012B
:105D90009601260F371F411D511DC501B4010E94F8
:105DA000064869017A01E0918600F0918700CA01F6
:105DB000B9010E94B4479B01AC01DF010E94564823
:105DC0009B01AC01C701B6010E94B4472FE0969534
:105DD0008795779567952A95D1F700918600109160
:105DE000870030E020E0061717072807390708F07A
:105DF0009ACF609186007091870095CFCF93C82F7E
:105E0000843000F581111FC0809180008F7D8093C8
:105E100080000E94742EA0918600B09187002C2FE4
:105E200030E00E94404823E030E040E050E00E9433
:105E30000648C9010E94762E90938B0080938A00B9
:105E4000CF910895C3E080918000806280938000AC
:105E5000E2CF089510920F0310920E0310921003D8
:105E6000EFE6F0E08081816080830895EFE6F0E066
:105E700080818E7F80830E94B82C0C94FE2E1F920E
:105E80000F920FB60F9211240BB60F920F931F9320
:105E90002F933F934F935F936F937F938F939F9332
:105EA000AF93BF93CF93EF93FF9380912001823004
:105EB000C9F08F5F80932001FF91EF91CF91BF9147
:105EC000AF919F918F917F916F915F914F913F9192
:105ED0002F911F910F910F900BBE0F900FBE0F903F
:105EE0001F90189581E0809320010E94102DC82FEB
:105EF00000910E0310910F030F5F1F4F0E94102D92
:105F000028E7829FB0011124C8010E94DE479093C8
:105F10000F0380930E03C29FB0011124660F672FF9
:105F2000661F770B71950E94DE476F778091100393
:105F3000823041F4603451F480916F008E7F809301
:105F40006F0004C0813011F46F37B1F3E62FF0E039
:105F5000E351F54FC49100918600109187000E9493
:105F6000B82C282FC09FC001C19F900D11246DEF48
:105F700072E00E94DE47269FC001279F900D1124EA
:105F80000E94762E90938B0080938A0095CF0E947A
:105F9000712E82E28093800089E1809381008FEFEF
:105FA0009FEF90938700809386000E94132D0E949C
:105FB0000B2D81110C942A2F0895579A4BB14F77CE
:105FC0005BB15068EFB7F8949B01220F331F260F87
:105FD000371F280F391F2817390741F4EFBF8FE506
:105FE00094E00197F1F700C000000895DC016D9185
:105FF000CD0178E05BB9000000C067FF4BB9660FC8
:10600000000000C000C000C04BB900C07A9591F7F5
:10601000E2CF83E290E00E948C48823289F484E2ED
:1060200090E00E948C48823059F485E290E00E9412
:106030008C4891E0823209F090E0892F81700895B8
:1060400080E0FCCFCF93DF93D82FCFEF8111C2E256
:106050006C2F83E290E00E94A0486FEFD11162E0C4
:1060600084E290E00E94A0486C2F85E290E0DF91EE
:10607000CF910C94A048089586E290E00E948C484D
:10608000682F70E090E080E0089586E290E00C9444
:10609000A04880E00E94223060E070E0CB010E94C6
:1060A00045300E9494390E94803A81E00C9422305D
:1060B0000E943B300E940930811102C00C9449308B
:1060C0000895CF93FB01C281CC2309F19C01225199
:1060D0003F452031310520F582510E94903AC0E0C1
:1060E0008C2FCF91089581E00E940F1643E062E06B
:1060F00081E00E94CF0FF3CF81E00E941A1643E0A7
:1061000062E081E00E94CF0FEBCF82E0F6CF8031DA
:10611000FFE59F0789F381319F45B9F3C1E0E0CFE7
:106120008031EFE59E07F9F281319F45C9F682E0A3
:10613000DBCF2FEFFC0120830895CF93DF93EC0199
:106140008881893029F08A3079F0DF91CF910895E4
:106150000E94B82C2FEF829FC001112463E070E0F1
:106160000E94DE476983F1CF0E940B2D8983EDCF1A
:10617000FC018081893019F08A3069F008958181AD
:1061800023E0829FC00111246FEF70E00E94DE4780
:10619000862F0C942B2E8181811102C00C94D62C59
:1061A0000C94BE2CCF93DF93EC0188818138A9F049
:1061B00028F4803871F0DF91CF910895823881F012
:1061C0008338C9F70E947E2589830E9481258A83AE
:1061D000F2CF0E9484258983EECF0E941825FBCF41
:1061E0000E944E25F8CFCF93DF93EC018881813850
:1061F000E1F028F4803869F0DF91CF91089582387A
:1062000011F18338C9F70E948425482F6A8189815A
:1062100008C0D9810E948125C82F0E947E254D2F5C
:106220006C2FDF91CF910C947E2789810E943B2AAD
:106230008981811104C0DF91CF910C94082BDF91EB
:10624000CF910C94A32A8981DF91CF910C947B2567
:10625000EF92FF920F931F93CF93DF93EC01E62E03
:10626000DC01ED918D01E150E33108F0B8C0F0E0C0
:10627000E950F74B0C942848198289E08A836E2DE7
:10628000CE01DF91CF911F910F91FF90EF900C9471
:10629000FB3F8981823069F0833071F08130E1F415
:1062A0000E94013F0E9431486A837B838C839D83D7
:1062B000E6CF0E943C30F6CF8E01F12C8F2D0E944C
:1062C000DE1EF801828373836483F3940D5F1F4F96
:1062D000F5E0FF12F3CFD3CF6E2DCE010E9499309F
:1062E000CECF89818230C1F76A817B818C819D818B
:1062F0000E9431480E944530C2CF4B816A8189811A
:106300000E9466399827892798279D838C83B7CF69
:106310002C813D813227232732274B816A81898155
:106320000E947F39ACCF0E949439A9CFCD010E9441
:10633000B830C8010E94F330A2CFCD010E949D3039
:10634000C8010E94D2309BCF0E94AC2C0E948424B2
:1063500096CF0E94293A898392CF0E942B3A9827A0
:10636000892798279A8389838ACF6B8170E08981F6
:106370009A81AE014C5F5F4F9827892798270E942A
:106380002E3A7DCF6B8170E089819A81AE014C5F9E
:106390005F4F9827892798270E94553A70CF0E940F
:1063A000803A6DCF0E945439D6CF6B8170E08981DD
:1063B0009A81AE014C5F5F4F9827892798270E94EA
:1063C000CC395DCF6B8170E089819A81AE014C5FE1
:1063D0005F4F9827892798270E94F23950CF8FEF77
:1063E00088834DCFCF92DF92EF92FF920F931F934E
:1063F000CF93DF936C017B0164E670E088E70E9435
:10640000D53BEC0197FD12C010E000E0F601E00F73
:10641000F11F849164E670E00E944F3CEC01892BEF
:1064200029F40F5F1F4F0E151F0581F70E94D23C04
:10643000CE01DF91CF911F910F91FF90EF90DF90F0
:10644000CF90089508950C942232E2E0F4E080E0C9
:1064500092E0DF019C011D9221503040E1F7F09362
:106460000706E09306068FEF9FEF90933D0380931E
:106470003C0308950E9422320E9423328093380305
:1064800080FD13C080E8809337030E94CF3B6DE00E
:1064900070E085E79DE00E94F231892B41F089E5AB
:1064A0009DE00E94670E80E0089580E2ECCF80912D
:1064B000380363E070E081FD09C086E59DE00E943D
:1064C000F231892B61F080E39DE0EBCF8DE29DE01E
:1064D0000E94F231892B19F085E19DE0E2CF6DE059
:1064E00070E088E09DE00E94F231892B19F081EF85
:1064F0009CE0D7CF0E94013F605A75418F4F9F4F5C
:106500006093020670930306809304069093050639
:106510000E94253281E080933B0380933A031092DE
:10652000390308952091370336E0839FC001112479
:10653000629F800D911D1124811522E0920714F0B5
:1065400090E080E08E5F9B4F909307068093060655
:10655000089520910606309107062C5F3340409144
:106560003703642F70E0C9010E94DE47481B4630A4
:1065700010F4240F311D211582E0380710F030E0AF
:1065800020E02E5F3B4F30930706209306060895C8
:106590001F93CF93DF93162F8A3031F481E0DF9180
:1065A000CF911F910C9442338D3011F480E0F7CFDE
:1065B000C0910606D091070696E0FE01A1E1B3E086
:1065C00001900D929A95E1F7803EC8F086E0FE01B9
:1065D00011928A95E9F711111EC0C0910606D0915B
:1065E000070646E050E0BE0181E193E00E947F484B
:1065F000892BF9F4DF91CF911F910C94A932F6E029
:106600008F9FB00111246E57724F46E050E0CE01CB
:106610000E946948E0CFE0910606F09107069F01CD
:106620002A5F3F4F2E173F07C1F2808180958193EB
:10663000F9CFC250D440CE0125E0969587952A9592
:10664000E1F721E030E0A90102C0440F551F8A950F
:10665000E2F7CA0140913C0350913D03842B952BF6
:10666000259645E0D695C7954A95E1F702C0220FD9
:10667000331FCA95E2F7822B932B90933D038093AF
:106680003C03B8CFCF93382FE0910606F091070670
:10669000E250F44020913703622F70E0CF010E9456
:1066A000DE47281B822F332369F066E00E94C4472F
:1066B000C82FC15010F4CF91089560E080E20E948D
:1066C000C832F7CF9F01280F311D2115324018F035
:1066D00080E0F0E0E0E08E0F9F2F911D8E5F9B4FDA
:1066E0009093070680930606E6CF1F93CF93DF9320
:1066F000EC01162FFE018491811104C0DF91CF912E
:106700001F910895612F0E94C8322196F3CF0E94F5
:10671000753381E00C94423380913B03811103C0B7
:1067200080913A0308950E94013F605A75418F4F4E
:106730009F4F609302067093030680930406909324
:10674000050680913A038111EBCF62E070E088E9A1
:106750009CE00E94F231892B29F084E89CE00E94A1
:10676000670EDECF81E080933A03DACF2F923F921B
:106770005F926F927F928F929F92AF92BF92CF92D1
:10678000DF92EF92FF920F931F93CF93DF9380914D
:106790003B03882369F020913C0330913D03211590
:1067A000310531F08091390361E070E0882399F080
:1067B000DF91CF911F910F91FF90EF90DF90CF90DD
:1067C000BF90AF909F908F907F906F905F903F9021
:1067D0002F9008958F5F082F10E01B01082E02C034
:1067E000220C331C0A94E2F7A90142215321452BC4
:1067F00089F39091380390FD31C08295880F80769F
:1068000080932301980136952795369527952093F7
:106810002601815E809324011092270124E630E056
:1068200047E050E061E271E088E70E947E3C892BFE
:1068300019F18EEC9CE0DF91CF911F910F91FF90A9
:10684000EF90DF90CF90BF90AF909F908F907F9010
:106850006F905F903F902F900C94670E880F880F79
:10686000880F8093230110922601895F8093240171
:1068700083E080932701D2CFA80125E0440F551F64
:106880002A95E1F78091380380FD10C04E5F5B4F81
:1068900004E610E020E230E060E488E70E94A53CD6
:1068A000892B09F469C085EB9CE0C5CFE7E1F3E0F3
:1068B00080E2DF011D928A95E9F7A8EDB1E004EDD1
:1068C00011E08CEDC82E81E0D82E97E0592E772468
:1068D00073948D91E80129918E01240F352F311D7C
:1068E0002E5F3B4FE82FF0E0E95EFC4F90E080E048
:1068F000652C681A872C082E01C0880C0A94EAF7C8
:106900007901A12CE701B9907E01B820662D6A19A2
:106910006770962E062E000C770BDB2D01C0DD0F65
:106920009A94EAF77195619571096770772701C0AC
:10693000B6946A95EAF7BD2A6081962E9B289082CC
:10694000A39468E0A612DECF0196319688309105B7
:1069500079F6CA16DB0609F0BCCF04E610E020E2A7
:1069600030E047E153E060E488E70E94A53C892BD2
:1069700019F08AE99CE05FCF0E948C33E101C09559
:10698000D09580913C0390913D03C823D923D093A7
:106990003D03C0933C030CCF80913A0390913B039D
:1069A000911103C091E089270895882389F062E05E
:1069B00070E082E89CE00E94F231892B39F08DE68C
:1069C0009CE00E94670E80913A03089510923A036A
:1069D00080913A03E7CF0C94110F0F931F9380918E
:1069E0003B03882319F160E080E00E9492320E940C
:1069F000EB340E94B63380913A038823B9F00E94A9
:106A0000013F009102061091030620910406309187
:106A10000506601B710B820B930B6F3F7F4F8F4FEF
:106A20009F4720F41F910F910C94CC341F910F912C
:106A30000895CF93DF93EC01FB018281882309F451
:106A400020C1C330FDE5DF07C8F5CA3F9CE5D90783
:106A500030F49E0122503C452431310598F50E94C6
:106A6000E31A9093790380937803C031FCE5DF0744
:106A700009F4E0C008F061C0C8309CE5D90709F40A
:106A8000CBC088F5C430FCE5DF0709F4B3C0E8F4F7
:106A9000C2309CE5D90709F4A7C0809178038260D1
:106AA000C330DC4509F4A3C0809178039091790349
:106AB0000E94F11A0E94961580E004C0C136EDE5EF
:106AC000DE0769F2DF91CF910895809178038061AC
:106AD000C630FCE5DF0709F48AC008F48FC0809156
:106AE0007803806284C0809178038D7FCC309CE5F0
:106AF000D90709F47CC070F4809178038C60CA30A7
:106B0000FCE5DF0709F473C008F48AC080917803BC
:106B10008E7F6DC080917803877FCE309CE5D9074A
:106B200009F465C0809178038B7FCF30DC4508F491
:106B30005EC0809178038F7E5AC0CC3FFCE5DF07B2
:106B400009F474C040F5C4319CE5D90709F48AC042
:106B500058F4C231FCE5DF0709F474C008F46EC0D4
:106B600080917803837F43C0CA3F9CE5D90709F42D
:106B700049C008F04DC0C531DC4509F095CF809182
:106B8000780382FB992790F921E0922790FB82F904
:106B900090FB83F92CC0C1158DE5D80709F458C0C6
:106BA00088F4809179038360CE3FECE5DE0769F1DC
:106BB000809179038D7FCF3FDC4538F18091790357
:106BC0008C7F23C0C2308DE5D80709F458C008F483
:106BD00052C0C136DD4509F067CF90917803892F07
:106BE0008F7E94FF806103C08091780381608093E1
:106BF00078035ACF809178038460F9CF809178032D
:106C00008860F5CF809179038160809379034CCFC0
:106C1000809179038260F9CF809178038064E7CF17
:106C20000E949615809178038068E1CF8091790366
:106C30008E7FEBCF809178038F7DD9CF80917803C1
:106C40008F7BD5CF0E949615809178038F77CFCF19
:106C500080917903982F909591708E7F892B90FB6E
:106C600081F9D3CF0E94961590917803892F97FBD5
:106C700087F98058BCCF81E00E94761B15CF80E059
:106C8000FBCF81E01FCF809104011F928F938091F1
:106C900005011F928F93809108011F928F9380911D
:106CA00009011F928F9380910A011F928F93809107
:106CB0000B011F928F9382EC92E19F938F930E941E
:106CC000000F8DB79EB70E960FB6F8949EBF0FBEFD
:106CD0008DBF0895883228F58E3108F072C08B3050
:106CE00041F130F4873009F4CFC081E294E1E0C093
:106CF000833109F45FC08431C1F783E494E10E94D9
:106D0000670E80914203882309F4FEC0109242036B
:106D1000109241031092400310923F0310923E03E1
:106D200020C08F3409F4C7C0D8F5893231F38833D5
:106D3000E1F686E494E10E94670E0E9443361F92BA
:106D400081E08F931F9285E08F938FE393E19F9370
:106D50008F930E94000F0F900F900F900F900F9045
:106D60000F9020914203222309F4C9C080913E0371
:106D700090913F03009711F48CED91E09F938F93D6
:106D80001F922F938FE094E19F938F930E94000FA7
:106D90000F900F900F900F900F900F9081E008953B
:106DA000813509F49CC008F49CC0823509F09DCF60
:106DB00081E082C085E394E10E94670E0E94433621
:106DC000D0CF8D5180934203833009F442C058F4F0
:106DD0008130C1F08230A1F11092420382E394E14C
:106DE0000E94670E1BC0853009F445C0D8F186307B
:106DF00099F784E091E0909341038093400384E20B
:106E000092E008C08BE091E09093410380934003AF
:106E100080EE91E090933F0380933E038091420384
:106E2000882309F49ECF1F928F938EE294E19F9363
:106E30008F930E94000F0F900F900F900F9091CFA3
:106E40008AE091E0909341038093400389EE91E0C2
:106E5000E1CF89E091E0909341038093400385EF77
:106E600091E0D8CF88E091E0909341038093400374
:106E700082E092E0CFCF85E091E090934103809350
:106E8000400381E192E0C6CF8EE180930B0182E363
:106E900080930A018AE08093090184E180930801CC
:106EA00088E08093050188E28093040184E294E104
:106EB0000E94670E56CF8AE0E0914003F0914103B3
:106EC0003097D1F02081082E000C990B820F911D74
:106ED0008F3F910541F03CF08FEF808307C08FEF2B
:106EE000EBCF86EFE9CF97FFF8CF108280811F921A
:106EF0008F938BE194E19BCF88E194E1D9CF8BE034
:106F000094E10E94670E4ACF80E00895CF93C82F86
:106F10001F928F938CE594E19F938F930E94000FB3
:106F200081E001C0880FCA95EAF70E94E9150F9029
:106F30000F900F900F90CF910C949615DF92EF92D7
:106F4000FF920F931F93CF93DF93EBEFE80FEF3395
:106F500008F04CC1F0E0E65FF64B0C9428480E9424
:106F6000DF1A1F928F9385EE98E19F938F930E9473
:106F7000000F0E94DB1A83FB992790F91F929F93C1
:106F800082FB992790F91F929F9381FB992790F993
:106F90001F929F93982F91701F929F931F928F9390
:106FA0008CE998E19F938F930E94000F0E94E31A4F
:106FB00087FB222720F91F922F9386FB222720F997
:106FC0001F922F9385FB222720F91F922F9384FB7A
:106FD000222720F91F922F9383FB222720F91F924B
:106FE0002F9382FB222720F91F922F9391FB2227B8
:106FF00020F91F922F93292F21701F922F9381FB2D
:10700000222720F91F922F93282F21701F922F9350
:107010009F938F9387EB97E19F938F930E94000F2D
:107020008DB79EB788960FB6F8949EBF0FBE8DBFE2
:107030000E94A32C982F9695969596951F929F93B4
:10704000982F91701F929F931F928F9384E897E1DE
:107050009F938F930E94000F8DB79EB708960FB62F
:10706000F8949EBF0FBE8DBF81E01CC085EA99E1F8
:107070000E94670E0E94741BF7CF82ED95E10E947B
:10708000670EF2CF8091F102807F8093F1028BEA4C
:1070900095E10E94670E81EA99E10E94670E81E006
:1070A00080934303DF91CF911F910F91FF90EF9059
:1070B000DF90089585E899E10E94670E0E94F10F24
:1070C000D3CF9091F102892F8E7F90FF81608093C2
:1070D000F10280FF03C089E799E1D1CF8CE699E105
:1070E0000E94670E8091F102817F8093F102BCCFF4
:1070F0009091F102892F8D7F91FF82608093F10240
:1071000081FF08C08FE599E10E94670E8091F1022E
:107110008160EBCF81E599E1B2CF9091F102892FA7
:107120008B7F92FF84608093F10282FF03C082E430
:1071300099E1EACF82E399E1A2CF9091F102892F00
:10714000877F93FF88608093F10283FF03C086E20C
:1071500099E1DACF89E199E192CF85EE94E18FCF81
:107160000E94013F062FF72EE82ED92EC0917803FA
:10717000C7FBCC27C0F910917703D09134010E944E
:10718000E03CDF92EF92FF920F931F92CF931F92FA
:107190001F931F92DF931F928F9381E694E19F9339
:1071A0008F930E94000F8DB79EB70E960FB6F8947E
:1071B0009EBF0FBE8DBF58CF0E9496159091780349
:1071C000892F97FB87F980588093780387FF03C046
:1071D0008FE099E154CF84E099E151CF80E00E94A3
:1071E000863742CF8953FBCF8D51F9CF82E099E1A9
:1071F0000E94670E80E056CF80E008950C94FC3822
:10720000CF93C82F809143038130C1F0882339F098
:10721000823009F444C01092430380E00DC00E9404
:10722000E3198232D1F78C2F0E94FC3881111BC0E8
:107230008C2F0E949E378170CF9108950E94E31990
:10724000823289F38C2F0E94FE3881111BC0C43119
:10725000D9F060F4CB3071F0C031D1F086E594E123
:107260000E94670E13C081E090E0E5CFC93261F063
:10727000C833A1F78BEA95E10E94670E88E594E197
:107280000E94670E81E0D7CF1092430380E0D3CFF6
:1072900082E08093430388E30E946A36F3CF8C2F09
:1072A0000E946A3681E0C8CF84E0089550E0440F20
:1072B000551F96E2699F400D511D11249EEB899F39
:1072C000400D511D1124CA01879608950F931F93F5
:1072D000CF93DF930E9456398C010E948C48C82FAF
:1072E000D0E0DC2FCC27C80101960E948C489E017B
:1072F000282BC901DF91CF911F910F9108950F9312
:107300001F93CF93DF93122F032F0E945639EC0166
:10731000602F0E94A048612FCE010196DF91CF918E
:107320001F910F910C94A048AF92BF92CF92DF9221
:10733000EF92FF921F93CF93DF938DEEC82E80E0E4
:10734000D82ED0E07601C0E014C0F501259134912B
:10735000412F6C2F8D2F0E947F3982E0A80EB11C27
:107360001F5F133191F786E2E80EF11CCF5FC53045
:1073700019F0570110E0E9CFDF5F8EEBC80ED11C8A
:10738000D43001F7DF91CF911F91FF90EF90DF9004
:10739000CF90BF90AF900895EF92FF920F931F93FD
:1073A000CF93DF93EC018A017C01E60EF71ECE013C
:1073B0008796CE15DF0539F4DF91CF911F910F919C
:1073C000FF90EF900895C83F22E0D20740F40E945A
:1073D0008C48F80180830F5F1F4F2196E8CFF8019A
:1073E0001082F9CFCF92DF92EF92FF920F931F930B
:1073F000CF93DF937C016A018C01060F171FEC010C
:10740000CE018796C017D10749F4DF91CF911F9124
:107410000F91FF90EF90DF90CF900895C83F22E04A
:10742000D20740F4FE01EE19FF09EC0DFD1D60814D
:107430000E94A0482196E4CF462F843038F475305E
:1074400028F4633118F4672F0C94663990E080E0DB
:10745000089580E1089581EE9CE00895EF92FF92F7
:107460000F931F93CF93DF93EC018A017C01E60E0B
:10747000F71ECE01815E9C4FCE15DF0539F4DF91FA
:10748000CF911F910F91FF90EF900895C13E2CE096
:10749000D20740F40E948C48F80180830F5F1F4F91
:1074A0002196E7CFF8011082F9CFCF92DF92EF92C9
:1074B000FF920F931F93CF93DF937C016A018C019E
:1074C000060F171FEC01CE01815E9C4FC017D1073C
:1074D00049F4DF91CF911F910F91FF90EF90DF90D2
:1074E000CF900895C13E2CE0D20740F4FE01EE1982
:1074F000FF09EC0DFD1D60810E94A0482196E3CF9D
:10750000CF93DF93CFE1D3E060E0CE010E94A048AB
:107510002196C11580E1D807B9F7DF91CF91089581
:10752000DF92EF92FF920F931F93CF93DF9300D0E0
:1075300000D0CDB7DEB7F82E8FE08F1540F08FEF7B
:107540009FE00E948C480FE113E08823C1F00F9068
:107550000F900F900F90DF91CF911F910F91FF909F
:10756000EF90DF900895011580E1180781F3C801BD
:107570000E948C48811101C0FA940F5F1F4FF110D7
:10758000F2CF19821A821B821C82DD24D3947801E7
:107590008FEFE81AF80AC8010E948C4889831A8282
:1075A0008823A9F29FEF980F933078F48A83D982C9
:1075B0000E5F1F4FC7010E948C488B83882339F2CE
:1075C000CE0101960E945511E2CF8701F9CFCF93EA
:1075D000DF93EB0186319C4511F50E94E3199A81F6
:1075E000992399F08A7A91E009F490E0909344030A
:1075F000811109C089E20E94BE190E94261A80E00A
:10760000DF91CF91089585E3F6CF809144038111F6
:1076100004C089E20E94C519F0CF85E3FBCF81E069
:10762000EFCF0F931F93CF93DF93C42FD22FFC0183
:1076300082818823C9F0409347030E94F53E9093CE
:1076400046038093450380E28C0F883008F050C0D9
:10765000C77081E001C0880FCA95EAF7DF91CF912A
:107660001F910F910C942E1310914703141335C0E2
:1076700080914503909146030E940D3F883C9105FF
:1076800060F5C0E2CD0F1D17B9F080E2810F8830A0
:1076900040F4177081E001C0880F1A95EAF70E9444
:1076A0003513C83048F481E09D2F977001C0880FD2
:1076B0009A95EAF70E942E13802F0E942613C83055
:1076C000B8F4D77081E001C0880FDA95EAF7DF914E
:1076D000CF911F910F910C94351380E28C0F88305D
:1076E00038F4C77081E001C0880FCA95EAF7EFCF80
:1076F000DF91CF911F910F9108950F939C01CB01C2
:10770000233F4CE5340759F1A8F4283DFCE53F0739
:1077100001F1293D4CE53407D1F1273D3C4591F479
:1077200006E221EE41EE67ED7CE50E94113B80E030
:107730000F910895253FFCE53F07E9F0B0F0263FA3
:107740003C45F9F0FC018281882339F1109247030E
:10775000EFCF07E225EE45EE68ED7CE5E6CF06E2E9
:1077600021EE40EE63EF7CE5E0CF07E225EE44EE4C
:1077700064EF7CE5DACF06E221EE42EE65EF7CE5D0
:10778000D4CF07E225EE46EE66EF7CE5CECF08E2E9
:1077900021E045EE69ED7CE5C8CF81E0C9CF1092CC
:1077A000B9008CE08093B80008959F92AF92BF9289
:1077B000CF92DF92EF92FF920F931F93CF93DF93BD
:1077C000B82EEB010E94F53E6C01EE24E394F12CFF
:1077D000C431D10560F025E0E22EF12CCF3FDC076B
:1077E00031F0CE0164E170E00E94DE477B0184EA63
:1077F000A82E94E8992E1092BC00A092BC000E9482
:10780000F53E8C018091BC0087FF0DC08091B900CE
:10781000887F883039F18091B900887F803111F1FB
:107820000FEF1FEF09C00E94F53E801B910B8E15D4
:107830009F0540F30EEF1FEFCF3FDC07E1F2C601DB
:107840000E940D3F8C179D07B0F2C801DF91CF91C8
:107850001F910F91FF90EF90DF90CF90BF90AF906E
:107860009F900895B092BB009092BC000E94F53E9C
:107870008C018091BC0087FF0AC08091B900887F8D
:10788000883111F0803461F610E000E0DECF0E9414
:10789000F53E801B910B8E159F0558F3CBCF0F93B0
:1078A0001F93CF93DF93EB018093BB0084E8809319
:1078B000BC000E94F53E8C018091BC0087FF11C086
:1078C0002091B900287F81E090E0283211F490E007
:1078D00080E0919581959109DF91CF911F910F9152
:1078E0000895CF3FDC0741F30E94F53E801B910BCA
:1078F0008C179D0708F38EEF9FEFEECFCF92DF92AC
:10790000EF92FF920F931F93CF93DF936B018A0146
:107910007901B9010E94D53BE6010C0D1D1DC01770
:10792000D10761F424E92093BC00DF91CF911F912E
:107930000F91FF90EF90DF90CF90089597FDF2CFD9
:10794000B70189910E944F3CEACFCF92DF92EF922C
:10795000FF920F931F93CF93DF93C62F6A01790194
:10796000B8010E94D53B97FD0CC0B8018C2F0E9436
:107970004F3CE601EC0CFD1CCE15DF0511F097FF26
:107980000CC024E92093BC00DF91CF911F910F918F
:10799000FF90EF90DF90CF900895B80189910E94F9
:1079A0004F3CEACF84E98093BC00089590934F0246
:1079B00080934E02089590934D0380934C03089555
:1079C000E0914C03F0914D03309721F00190F0814C
:1079D000E02D099480E008950E94E03C0895EF9224
:1079E000FF920F931F93CF93DF93EC01E0914C0331
:1079F000F0914D03309709F446C0809134018823FB
:107A000041F08091780387FF04C08881898386E0F4
:107A100088830280F381E02DCE0109958091F102E7
:107A200082FF31C080FF04C08EEB99E10E94670E97
:107A300010E000E088EBE82E89E1F82E8091F10259
:107A400080FF0EC0FE01E00FF11F80811F928F9317
:107A5000FF92EF920E94000F0F900F900F900F90E7
:107A60000F5F1F4F0830110549F78091F10280FF29
:107A70000AC086EB99E1DF91CF911F910F91FF90A2
:107A8000EF900C94670EDF91CF911F910F91FF90B3
:107A9000EF900895E0914C03F0914D03309739F049
:107AA00022E0DC012C930480F581E02D09940895F7
:107AB00020914A0330914B032817390771F09093B6
:107AC0004B0380934A03E0914C03F0914D033097B0
:107AD00021F00680F781E02D099408952091480354
:107AE000309149032817390771F090934903809327
:107AF0004803E0914C03F0914D03309721F000844E
:107B0000F185E02D09940895FC01329680913401AD
:107B1000882321F0809178039EE187FF96E080E042
:107B2000915008F4089521912223D1F38F5FF8CF6B
:107B3000662301F1209134012223F1F02091780392
:107B400027FF1AC0462F4695469546954E3190F42C
:107B5000677021E030E002C0220F331F6A95E2F720
:107B6000840F911DFC01828190E02823392381E05C
:107B7000232B69F480E00895FC0132960896219148
:107B8000261721F0E817F907D1F7F4CF81E008951F
:107B90009C01FC0132969FEF80E04191461751F025
:107BA0009F3F19F4411101C0982F8F5F8630A9F7CC
:107BB0009F3F09F40895290F311D97FD3A95F9016A
:107BC00062830895FC01329608962191261303C022
:107BD000DF0111971C92E817F907B9F70895E62F0E
:107BE000E695E695E695EE3170F4E80FF92FF11D74
:107BF000677021E030E001C0220F6A95EAF78281C8
:107C0000822B828308958091F10280FF0CC01F9225
:107C10006F938EEE99E19F938F930E94000F0F90C8
:107C20000F900F900F900895E62FE695E695E69554
:107C3000EE3178F4E80FF92FF11D677021E030E0A4
:107C400001C0220F6A95EAF72095828128232283BA
:107C500008958091F10280FF0CC01F926F9380ED18
:107C600099E19F938F930E94000F0F900F900F90B8
:107C70000F90089520913401222329F02091780358
:107C800027FD0C94EF3D0C94C83D20913401222334
:107C900029F02091780327FD0C94143E0C94E23DCA
:107CA000FC01329680913401882351F08091780351
:107CB00087FF06C08EE1DF011D928A95E9F70895DE
:107CC00086E0F9CF08950C94623E811105C081E0F1
:107CD00080934E030C94633E82E0FACF83E080935E
:107CE0004E030C94633E0C94653E81E080934E03FA
:107CF0000C94633E0C94753E089580911006843078
:107D000031F10E94E60F10924F0388E190E020E4E9
:107D10000FB6F894A895809360000FBE2093600082
:107D200083B7817F846083BF83B7816083BF78948A
:107D3000889583B78E7F83BF0FB6F894A8958091FE
:107D40006000886180936000109260000FBE08950B
:107D500008950895CF930E94A83E0E9409200E9492
:107D6000A93EC0E08C2F0E94DE1E672B682B692B7A
:107D700031F4CF5FC530B1F780E0CF91089581E055
:107D8000FCCF0E9496150C947F101F921FB61F9275
:107D900011248F939F93AF93BF9380914F038111D1
:107DA00013C08091080690910906A0910A06B0912F
:107DB0000B064196A11DB11D8093080690930906FC
:107DC000A0930A06B0930B06BF91AF919F918F913C
:107DD0001F901FBE1F90189582E084BD93E095BD53
:107DE0009AEF97BD80936E0008952FB7F894809115
:107DF000080690910906A0910A06B0910B062FBFC4
:107E000008952FB7F8946091080670910906809143
:107E10000A0690910B062FBF08959C014FB7F89466
:107E20008091080690910906A0910A06B0910B0670
:107E30004FBF821B930B089578941F921FB61F9219
:107E400011248F939F93AF93BF93809108069091D5
:107E50000906A0910A06B0910B060196A11DB11D5D
:107E60008093080690930906A0930A06B0930B0628
:107E7000BF91AF919F918F911F901FBE1F9018953A
:107E800081E08093E00080E28093D8001092C900E6
:107E90008FE19EE40197F1F700C0000087E090EBCE
:107EA000DC018093190690931A06A0931B06B093E9
:107EB0001C0688E19CE00FB6F894A89580936000BA
:107EC0000FBE90936000FFCF8091760308950895D0
:107ED0009C0184E08093E9009FEF8091E80091503D
:107EE00085FD06C085ED8A95F1F700009111F5CF6B
:107EF0008091E80085FF0CC050E040E066E070E053
:107F0000C9010E94CC428091E8008E778093E800FE
:107F10000895CF93DF93EC01809134018823B1F170
:107F20008091780387FF32C060E284E08093E900AB
:107F30008FEF9091E800815095FD06C095ED9A95E0
:107F4000F1F700008111F5CF8091E80085FF1BC09B
:107F50008091340170E050E040E0811104C050E0B5
:107F600040E068E070E0CE010E94CC428091E800E1
:107F70008E778093E80080E2FE01A6E5B3E00190F1
:107F80000D928A95E1F7DF91CF91089568E081E045
:107F9000CDCF809352037093540360935303809129
:107FA00010068430F9F48093E9008FEF9091E80097
:107FB000815095FD06C095ED9A95F1F7000081116D
:107FC000F5CF8091E80085FF0DC050E040E063E010
:107FD00070E082E593E00E94CC428091E8008E77C9
:107FE0008093E8000895BC0184E00C94C93FBC0173
:107FF00083E00C94C93FCF93FC01603221F580915E
:108000001006843001F5C091E900CF702091EC009A
:10801000922F917020FD90E8C92B82E08093E900B7
:108020008091E80080FF0CC050E040E060E270E02A
:10803000CF010E94CC428091E8008E778093E800C7
:10804000CF70C093E900CF91089580E29AE10E9439
:10805000670E80910F06811109C00E94A9440E94F9
:108060000B458091E20084608093E20008958CE1EA
:108070009AE10E94670E10920F06089588E19AE136
:108080000E94670E0C94753E84E19AE10E94670E8F
:1080900060910C0681E0611101C080E00C946E3E9D
:1080A00080E19AE10E94670E9091100681E0943081
:1080B00009F080E060910C060C94733E209151030E
:1080C0002F5F822F62E30E94C447992319F0209307
:1080D0005103089510925103809155038823F1F0C4
:1080E000809110068430C1F49091E9009F70209136
:1080F000EC00822F817020FD80E8892B95E0909321
:10810000E9009091EB0090FF04C09091EE0097FD84
:1081100008C08F708093E900109255030895109263
:10812000F1009091E80095FDFACF9091E80090FF62
:10813000F0CF9091E8009E779093E800EACF42E07C
:1081400061EC81E00E94254442E261EC84E00E94FF
:10815000254442E261EC82E00E94254442E260EC68
:1081600083E00E94254442E261EC85E00E942544C0
:108170009091100681E0943009F080E060910C0647
:108180000C94653E80911206833009F462C030F48D
:108190008130D9F1823009F49EC008958A3009F403
:1081A0008AC08B3009F470C0893009F051C08091C9
:1081B0001106813209F04CC0809115069091160687
:1081C000009719F0029709F043C08091E800877F7B
:1081D0008093E8008091E80082FF36C08091F20031
:1081E0009091F300029731F48091F100813011F009
:1081F000863021F48091F100809376038091E8002D
:108200008B778093E8000C94594480911106813A51
:10821000F9F48091E800877F8093E800809115064B
:1082200090911606892B61F460E286E593E070E098
:108230000E946A438091E8008B778093E80008955C
:1082400060E090E080E0F3CF809110068111C2CF12
:10825000089580911106813AD9F780911506909181
:108260001606892BA9F78091E800877F8093E800A4
:108270008091E80080FFFCCF809134018093F10071
:108280008091E8008E77BDCF80911106813201F791
:108290008091150690911606892BD1F68091E80001
:1082A000877F8093E8000E94594480911306809351
:1082B00034010C94961580911106813249F6809113
:1082C000E800877F8093E8000E945944809114065B
:1082D00080937703089580911106813A09F0B8CF11
:1082E0008091E800877F8093E8008091E80080FF1C
:1082F000FCCF80917703C2CF9FB7F89410925503BB
:108300009FBF90911006943009F048C02091E90079
:108310002F703091EC00932F917030FD90E8922BEC
:1083200025E02093E9002091EB0020FF34C020914C
:10833000EE0027FF30C020915003222321F020912E
:10834000E80025FF28C01092500326E03091E80095
:1083500035FF14C08093F1008091E80085FD27C0AF
:108360008091E80080FFFCCF8091E8008E778093B9
:10837000E8009F709093E90080E008953091100626
:10838000343049F43091EB0035FD05C0215041F403
:1083900081E0809350039F709093E9008FEF0895E0
:1083A000EFE9FFE03197F1F700C00000CFCF8FB7C2
:1083B000F89421E0209355038FBFDBCF84B7877FEC
:1083C00084BF0FB6F894A89580916000886180936F
:1083D0006000109260000FBE80E890E00FB6F89445
:1083E00080936100909361000FBE0C947A3E0E94CE
:1083F000A9440E940B45E2EEF0E080818460808316
:1084000078940C94994788E291E00C94DB3C80913D
:1084100010068530C9F48CE09AE10E94670E8091C5
:108420001006853011F00C94C13E0E947D3E809173
:108430000E068823A1F30E94AA3E882381F30E949E
:10844000B6420E949615EBCF0895CF93DF93CDB738
:10845000DEB7A0970FB6F894DEBF0FBECDBF8091F8
:108460001006843009F583E08093E9008091E800EC
:1084700082FF1AC08091E80090E085FF09C050E0BB
:1084800040E060E270E0CE0101960E941B4391E063
:108490008091E8008B778093E800992329F060E2CF
:1084A000CE0101960E942831A0960FB6F894DEBF47
:1084B0000FBECDBFDF91CF9108950C945F42292F5D
:1084C00033272330310521F168F42130310509F4D7
:1084D00043C02230310509F444C090E080E030E030
:1084E00020E026C02132310551F122323105A9F7B1
:1084F0006430710590F7FB01EE0FFF1FE35CFD4F49
:1085000020813181675C7D4FFB01808190E010C04C
:1085100099278130910581F0009729F00297E9F6BB
:10852000E4E2FAE102C0E4E5FAE1849190E09F011F
:10853000FA01318320830895E2E3FAE1F6CF643053
:10854000710558F6660F771FFB01EB5BFD4F20812D
:10855000318189E090E0ECCF82E190E023ED3AE1D7
:10856000E7CF8BE790E028E53AE1E2CF84E189BDEF
:1085700086E189BD09B400FEFDCF8091D8008F7DD2
:108580008093D8008091E00082608093E000809129
:10859000E00081FDFCCF0895AF92BF92CF92DF92B1
:1085A000FF920F931F93CF93DF936C01EB018A012E
:1085B0000E947844F82E811123C00115110539F06D
:1085C000F80180819181C81BD90BC80ED91EB12C2E
:1085D000A12C2097A9F08091E80085FD22C0809110
:1085E000E8008E778093E80001151105A1F0F801ED
:1085F00080819181A80EB91EB182A08285E0F82EFB
:108600008F2DDF91CF911F910F91FF90DF90CF9031
:10861000BF90AF9008950E9478448823D1F2F82E3D
:10862000EFCFF60181916F018093F1002197FFEF69
:10863000AF1ABF0ACECFAF92BF92CF92DF92FF9216
:108640000F931F93CF93DF936C01EB018A010E947C
:108650007844F82E811123C00115110539F0F80175
:1086600080819181C81BD90BC80ED91EB12CA12CB9
:108670002097A9F08091E80085FD22C08091E80054
:108680008B778093E80001151105A1F0F801808136
:108690009181A80EB91EB182A08285E0F82E8F2D9F
:1086A000DF91CF911F910F91FF90DF90CF90BF90FE
:1086B000AF9008950E9478448823D1F2F82EEFCF2E
:1086C0008091F100F60181936F012197FFEFAF1ABE
:1086D000BF0ACECFFC01809117069091180686172D
:1086E0009707A0F06115710529F49091E8009E7735
:1086F0009093E80090E06115710551F4911108C064
:108700008091E80082FF33C080E00895BC01F2CF81
:10871000809110068823B9F18530B9F18091E80085
:1087200083FD2FC08091E80082FDEACF8091E800B0
:1087300080FFE1CF2091F2003091F30061157105C7
:1087400019F02830310558F091E02830310509F052
:1087500090E02091E8002E772093E800CCCF819123
:108760008093F100615071092F5F3F4FE7CF8091F7
:108770001006882341F0853041F08091E80083FFA6
:10878000BFCF81E0089582E0089583E00895FC0161
:10879000809117069091180686179707A0F061152B
:1087A000710529F48091E8008E778093E80090E0CD
:1087B0006115710551F4911108C08091E80082FFA4
:1087C00034C080E00895BC01F2CF80911006882368
:1087D000C1F18530C1F18091E80083FD30C0809106
:1087E000E80082FDEACF8091E80080FFE1CF209190
:1087F000F2003091F3006115710519F02830310550
:1088000058F091E02830310509F090E08091E800BF
:108810008E778093E800CCCF84918093F1003196DD
:10882000615071092F5F3F4FE6CF8091100688237A
:1088300041F0853041F08091E80083FFBECF81E0B8
:10884000089582E0089583E00895982F973028F0E6
:108850008F708093E90081E008959093E900242FC0
:10886000762F50E0981731F07091EC002091ED00D8
:108870005091F00021FD02C09F5FE8CF3091EB00E6
:108880003E7F3093EB003091ED003D7F3093ED0063
:108890003091EB0031603093EB007093EC0020934B
:1088A000ED005093F0002091EE0027FDE5CF80E031
:1088B00008958091110687FF13C08091E80082FF20
:1088C00006C08091E8008B778093E80004C0809117
:1088D00010068111F2CF0895809110068823D9F3F4
:1088E0008091E80080FFF8CF8091E8008E77ECCF90
:1088F0002091E4003091E50095E6A9012091EC007B
:10890000822F817020FF06C08091E80080FF06C0A2
:1089100080E008952091E80022FD1AC080911006A1
:10892000882389F0853089F08091EB0085FD0FC0A8
:108930002091E4003091E50042175307F9F291507D
:10894000E1F684E0089582E0089583E0089581E0EF
:1089500008950E941A450E942245E0EEF0E08081D1
:1089600081608083E8EDF0E080818F77808319BC9F
:10897000A7EDB0E08C918E7F8C9380818F7E808379
:1089800010920F0608950F931F93CF93DF930E94C9
:108990001A450E942245C8EDD0E088818F778883F0
:1089A00088818068888388818F7D8883E7EDF0E007
:1089B00080818068808319BC1092100610920C068A
:1089C00010920E0610920D0600EE10E0F801808164
:1089D0008B7F808388818160888342E060E080E0D3
:1089E0000E942544E1EEF0E080818E7F8083E2EEFC
:1089F000F0E0808181608083808188608083F801DD
:108A000080818E7F8083888180618883DF91CF9190
:108A10001F910F910895E8EDF0E080818F7E8083B3
:108A2000E7EDF0E080818160808381E080930F0634
:108A30000C94C344E8EDF0E080818C7F8083109239
:108A4000E20008951092DA001092E10008951F925A
:108A50000F920FB60F9211240BB60F922F933F93E4
:108A60004F935F936F937F938F939F93AF93BF9336
:108A7000EF93FF938091E10082FF0BC08091E200B1
:108A800082FF07C08091E1008B7F8093E1000E940C
:108A90005E408091DA0080FF19C08091D80080FF8D
:108AA00015C08091DA008E7F8093DA008091D90022
:108AB00080FF98C084E189BD86E189BD09B400FECC
:108AC000FDCF81E0809310060E9425408091E10057
:108AD00080FF19C08091E20080FF15C08091E20004
:108AE0008E7F8093E2008091E20080618093E200BB
:108AF0008091D80080628093D80019BC85E0809373
:108B000010060E9444408091E10084FF2BC08091B8
:108B1000E20084FF27C084E189BD86E189BD89B573
:108B2000982F917080FFFBCF8091D8008F7D80932C
:108B3000D8008091E1008F7E8093E1008091E20077
:108B40008F7E8093E2008091E20081608093E2005A
:108B500080910C06882309F44BC084E080931006B2
:108B60000E9450408091E10083FF29C08091E20083
:108B700083FF25C08091E100877F8093E10082E040
:108B80008093100610920C068091E1008E7F8093F6
:108B9000E1008091E2008E7F8093E2008091E2000C
:108BA00080618093E20042E060E080E00E94254422
:108BB0008091F00088608093F0000E943E40FF9119
:108BC000EF91BF91AF919F918F917F916F915F9145
:108BD0004F913F912F910F900BBE0F900FBE0F90B2
:108BE0001F90189519BC109210060E9437406ECF46
:108BF0008091E30087FD93E090931006B1CF1F9220
:108C00000F920FB60F9211240BB60F922F933F9332
:108C10004F935F936F937F938F939F93AF93BF9384
:108C2000CF93DF93EF93FF93D091E900DF708091B2
:108C3000EC00C82FC17080FDC0E81092E90080915F
:108C4000F000877F8093F00078940E94474610924E
:108C5000E9008091F00088608093F000CD2BCF7008
:108C6000C093E900FF91EF91DF91CF91BF91AF9158
:108C70009F918F917F916F915F914F913F912F9134
:108C80000F900BBE0F900FBE0F901F9018951F9363
:108C9000CF93DF93CDB7DEB7AA970FB6F894DEBFB8
:108CA0000FBECDBF81E196E02091F100FC01219340
:108CB000CF01F6E089319F07B9F70E94C240809149
:108CC000E80083FF1EC180911106909112069A3030
:108CD00008F017C1E92FF0E0E75BF64B0C94284849
:108CE000803899F0823809F00CC1809115068F7098
:108CF000873008F006C18093E9008091EB0085FB86
:108D0000882780F91092E90006C080910D069091A5
:108D10000E06911182609091E800977F9093E80091
:108D20008093F1001092F1008091E8008E77E5C009
:108D3000882309F4D3C0823009F0E3C08091130680
:108D40008111D6C0809115068F702FEF280F263025
:108D500008F0D7C08093E9002091EB0020FFC8C045
:108D6000933031F48091EB0080628093EB00C0C0BF
:108D70009091EB0090619093EB0021E030E001C016
:108D8000220F8A95EAF72093EA001092EA00809178
:108D9000EB008860EACF8111B4C0109113061F77F1
:108DA0008091E3008078812B8093E3008091E8003C
:108DB000877F8093E8000E9459448091E80080FFFB
:108DC000FCCF8091E30080688093E30082E0111182
:108DD00083E08093100695C08058823008F091C0DF
:108DE00080911306909114068C3D23E09207A1F523
:108DF00083E08A838AE289834FB7F894DE01139671
:108E000020E03EE051E2E32FF0E050935700E49180
:108E100020FF03C0E295EF703F5FEF708E2F90E070
:108E2000EA30C0F0C7968D939D932F5F243159F798
:108E30004FBF8091E800877F8093E8006AE270E08E
:108E4000CE0101960E946A438091E8008B7780935F
:108E5000E80057C0C096E7CF6091150670911606DE
:108E6000AE014F5F5F4F0E945D42BC01892B09F448
:108E700048C09091E800977F9093E80089819A819B
:108E80000E94C743E1CF8038E1F58091E800877FF9
:108E90008093E80080910C068093F10045CF81110A
:108EA00030C090911306923060F58091E800877F82
:108EB0008093E80090930C060E94594480910C0620
:108EC000882311F084E005C08091E30087FDFACF8C
:108ED00081E0809310060E949F4013C0809113068A
:108EE000813079F481E0933009F080E080930E06C0
:108EF0001092E9008091E800877F8093E8000E944B
:108F000059448091E80083FF0AC08091E800877F80
:108F10008093E8008091EB0080628093EB00AA963A
:108F20000FB6F894DEBF0FBECDBFDF91CF911F917A
:108F30000895CF93809110068823A1F0C091E90095
:108F4000CF709091EC00892F817090FD80E8C82B44
:108F50001092E9008091E80083FD0E944746CF709F
:108F6000C093E900CF910895DB018F939F930E94F6
:108F70005648BF91AF91A29F800D911DA39F900D68
:108F8000B29F900D11240895991B79E004C0991F98
:108F9000961708F0961B881F7A95C9F78095089553
:108FA00087FB082E062687FD819567FD61950E9447
:108FB000C4470EF4919507FC81950895AA1BBB1B2D
:108FC00051E107C0AA1FBB1FA617B70710F0A61BC9
:108FD000B70B881F991F5A95A9F780959095BC01EA
:108FE000CD01089597FB072E16F4009407D077FD66
:108FF00009D00E94DE4707FC05D03EF4909581958C
:109000009F4F0895709561957F4F0895A1E21A2EA4
:10901000AA1BBB1BFD010DC0AA1FBB1FEE1FFF1F1C
:10902000A217B307E407F50720F0A21BB30BE40B6C
:10903000F50B661F771F881F991F1A9469F76095B3
:109040007095809590959B01AC01BD01CF0108956D
:10905000EE0FFF1F0024001C0BBE0790F691E02DC1
:1090600009946927962769277827872778270895FD
:109070000E944048332312F48A1B9B0B0C945148E6
:10908000A29FB001B39FC001A39F700D811D112449
:10909000911DB29F700D811D1124911D08950E9494
:1090A0004048B7FF0895821B930B08950E944048E3
:1090B000A59F900DB49F900DA49F800D911D11242C
:1090C0000895B7FF0C9456480E945648821B930B94
:1090D0000895FB01DC0102C005900D924150504003
:1090E000D8F70895FC014150504030F00190061629
:1090F000D1F73197CF010895882799270895FB016B
:10910000DC0104C08D910190801921F44150504040
:10911000C8F7881B990B0895F999FECF92BD81BDC0
:10912000F89A992780B50895A6E1B0E044E050E0B0
:109130000C94C648A8E1B0E042E050E00C94C64868
:10914000262FF999FECF92BD81BDF89A019700B400
:10915000021639F01FBA20BD0FB6F894FA9AF99AA0
:109160000FBE08950396272F0E94A1480E94A04891
:10917000252F0E94A148242F0C94A1480196272F47
:109180000E94A1480C94A048DC01CB01FC01F99994
:10919000FECF06C0F2BDE1BDF89A319600B40D9243
:1091A00041505040B8F70895F894FFCF7A137A13DE
:1091B000AB13AB133E145A14DA13DA136514CC1440
:1091C000DB14DB14A515A515AE15AE15B015AE153F
:1091D000AE15AE15A515A515B515AE15AE15B5157B
:1091E000592E5E2E602E632E662E692E6C2E3C311B
:1091F000493171317D318831933196319D31A431BE
:10920000EF31EF31A931AD31B531C231CF31D2318A
:10921000D531E2315A3842386138AF37F638F6384E
:109220003D38F638F6388D38F6389D38DC38F63863
:10923000F638F638F638B038F638F638AD38F6384D
:109240007838F638F638F438F438F438F438F43836
:10925000F438F438F438F438EE38F6385A3836380A
:10926000F638F638F638F638F638F638F638F6388E
:10927000F638F638EE38F638F6383D38F638F23843
:10928000F238F238F238F238F238F238F238F2388E
:10929000EE3870469846814798468147CB46EC4663
:0692A000814743474F47E0
:1092A600C800B1022808641E140A321E0101020019
:1092B6001E001E1E01191A1B1C1D1E1F2021220620
:1092C600010021007F220003643F893F683FF73F8A
:1092D600F33F673F01E200E900EA00B500B600B7D8
:1092E60000CD008301CC008A019201940121022362
:1092F6000224022502260227022A02B300B4006FC6
:10930600007000818283E200E900EA00B500B60041
:10931600B700CD008301CC008A019201940121029D
:10932600230224022502260227022A02B300B400E1
:109336006F0070008182830001020304050607673F
:1093460066656463626160F5F6F7F2F1F0C1C0002C
:1093560001020202020606060909090909090F0F98
:109366000F0F0F0F1515151819191919191919199C
:109376001919232400081018181008003F3F3F0051
:109386006D6B5F64656C6179006D6B5F696E7465AA
:109396007276616C006D6B5F6D61785F7370656589
:1093A60064006D6B5F74696D655F746F5F6D617886
:1093B600006D6B5F776865656C5F6D61785F737074
:1093C600656564006D6B5F776865656C5F74696D74
:1093D600655F746F5F6D6178004022B622DF1B0700
:0E93E6001B291BE51A6A1A831AA31ABC1A0067
:00000001FF
